Year,Month,MonthName,Quarter,Region,State,Product,Category,SalespersonID,Target,Actual,Variance,AchievementPct,Status
2023,1,January,Q1,North,Delhi,Product A,FMCG,SP013,578000.0,519400.0,-58600.0,89.9,Missed
2023,1,January,Q1,North,Punjab,Product A,FMCG,SP007,768000.0,943600.0,175600.0,122.9,Achieved
2023,1,January,Q1,North,Haryana,Product A,FMCG,SP006,448000.0,431200.0,-16800.0,96.2,Missed
2023,1,January,Q1,North,UP,Product A,FMCG,SP008,364000.0,407500.0,43500.0,111.9,Achieved
2023,1,January,Q1,North,Delhi,Product B,FMCG,SP025,323000.0,289700.0,-33300.0,89.7,Missed
2023,1,January,Q1,North,Punjab,Product B,FMCG,SP009,880000.0,800500.0,-79500.0,91.0,Missed
2023,1,January,Q1,North,Haryana,Product B,FMCG,SP013,708000.0,731600.0,23600.0,103.3,Achieved
2023,1,January,Q1,North,UP,Product B,FMCG,SP022,855000.0,892500.0,37500.0,104.4,Achieved
2023,1,January,Q1,North,Delhi,Product C,Pharma,SP018,326000.0,294400.0,-31600.0,90.3,Missed
2023,1,January,Q1,North,Punjab,Product C,Pharma,SP020,672000.0,379600.0,-292400.0,56.5,Missed
2023,1,January,Q1,North,Haryana,Product C,Pharma,SP007,614000.0,549500.0,-64500.0,89.5,Missed
2023,1,January,Q1,North,UP,Product C,Pharma,SP024,780000.0,797800.0,17800.0,102.3,Achieved
2023,1,January,Q1,North,Delhi,Product D,Pharma,SP019,436000.0,402700.0,-33300.0,92.4,Missed
2023,1,January,Q1,North,Punjab,Product D,Pharma,SP026,931000.0,920200.0,-10800.0,98.8,Missed
2023,1,January,Q1,North,Haryana,Product D,Pharma,SP012,961000.0,923100.0,-37900.0,96.1,Missed
2023,1,January,Q1,North,UP,Product D,Pharma,SP013,840000.0,592000.0,-248000.0,70.5,Missed
2023,1,January,Q1,North,Delhi,Product E,Industrial,SP007,380000.0,399900.0,19900.0,105.2,Achieved
2023,1,January,Q1,North,Punjab,Product E,Industrial,SP015,821000.0,683900.0,-137100.0,83.3,Missed
2023,1,January,Q1,North,Haryana,Product E,Industrial,SP006,985000.0,832100.0,-152900.0,84.5,Missed
2023,1,January,Q1,North,UP,Product E,Industrial,SP019,542000.0,546700.0,4700.0,100.9,Achieved
2023,1,January,Q1,South,Karnataka,Product A,FMCG,SP003,869000.0,704100.0,-164900.0,81.0,Missed
2023,1,January,Q1,South,Tamil Nadu,Product A,FMCG,SP017,835000.0,801000.0,-34000.0,95.9,Missed
2023,1,January,Q1,South,Telangana,Product A,FMCG,SP025,324000.0,256500.0,-67500.0,79.2,Missed
2023,1,January,Q1,South,Kerala,Product A,FMCG,SP016,522000.0,465600.0,-56400.0,89.2,Missed
2023,1,January,Q1,South,Karnataka,Product B,FMCG,SP013,285000.0,246200.0,-38800.0,86.4,Missed
2023,1,January,Q1,South,Tamil Nadu,Product B,FMCG,SP009,732000.0,622700.0,-109300.0,85.1,Missed
2023,1,January,Q1,South,Telangana,Product B,FMCG,SP001,617000.0,492100.0,-124900.0,79.8,Missed
2023,1,January,Q1,South,Kerala,Product B,FMCG,SP007,562000.0,513200.0,-48800.0,91.3,Missed
2023,1,January,Q1,South,Karnataka,Product C,Pharma,SP030,711000.0,667100.0,-43900.0,93.8,Missed
2023,1,January,Q1,South,Tamil Nadu,Product C,Pharma,SP003,649000.0,687200.0,38200.0,105.9,Achieved
2023,1,January,Q1,South,Telangana,Product C,Pharma,SP017,420000.0,350200.0,-69800.0,83.4,Missed
2023,1,January,Q1,South,Kerala,Product C,Pharma,SP020,649000.0,602200.0,-46800.0,92.8,Missed
2023,1,January,Q1,South,Karnataka,Product D,Pharma,SP002,558000.0,698100.0,140100.0,125.1,Achieved
2023,1,January,Q1,South,Tamil Nadu,Product D,Pharma,SP005,435000.0,425800.0,-9200.0,97.9,Missed
2023,1,January,Q1,South,Telangana,Product D,Pharma,SP030,868000.0,861400.0,-6600.0,99.2,Missed
2023,1,January,Q1,South,Kerala,Product D,Pharma,SP006,896000.0,882600.0,-13400.0,98.5,Missed
2023,1,January,Q1,South,Karnataka,Product E,Industrial,SP026,631000.0,419200.0,-211800.0,66.4,Missed
2023,1,January,Q1,South,Tamil Nadu,Product E,Industrial,SP020,402000.0,355100.0,-46900.0,88.3,Missed
2023,1,January,Q1,South,Telangana,Product E,Industrial,SP017,820000.0,491200.0,-328800.0,59.9,Missed
2023,1,January,Q1,South,Kerala,Product E,Industrial,SP006,280000.0,293800.0,13800.0,104.9,Achieved
2023,1,January,Q1,East,West Bengal,Product A,FMCG,SP004,268000.0,314900.0,46900.0,117.5,Achieved
2023,1,January,Q1,East,Odisha,Product A,FMCG,SP006,659000.0,554000.0,-105000.0,84.1,Missed
2023,1,January,Q1,East,Bihar,Product A,FMCG,SP022,959000.0,1136000.0,177000.0,118.5,Achieved
2023,1,January,Q1,East,Jharkhand,Product A,FMCG,SP014,318000.0,239100.0,-78900.0,75.2,Missed
2023,1,January,Q1,East,West Bengal,Product B,FMCG,SP030,617000.0,457300.0,-159700.0,74.1,Missed
2023,1,January,Q1,East,Odisha,Product B,FMCG,SP021,323000.0,323900.0,900.0,100.3,Achieved
2023,1,January,Q1,East,Bihar,Product B,FMCG,SP005,517000.0,412400.0,-104600.0,79.8,Missed
2023,1,January,Q1,East,Jharkhand,Product B,FMCG,SP020,253000.0,213900.0,-39100.0,84.6,Missed
2023,1,January,Q1,East,West Bengal,Product C,Pharma,SP013,534000.0,578300.0,44300.0,108.3,Achieved
2023,1,January,Q1,East,Odisha,Product C,Pharma,SP005,702000.0,543200.0,-158800.0,77.4,Missed
2023,1,January,Q1,East,Bihar,Product C,Pharma,SP013,422000.0,370400.0,-51600.0,87.8,Missed
2023,1,January,Q1,East,Jharkhand,Product C,Pharma,SP029,931000.0,840200.0,-90800.0,90.2,Missed
2023,1,January,Q1,East,West Bengal,Product D,Pharma,SP002,803000.0,784400.0,-18600.0,97.7,Missed
2023,1,January,Q1,East,Odisha,Product D,Pharma,SP007,632000.0,650900.0,18900.0,103.0,Achieved
2023,1,January,Q1,East,Bihar,Product D,Pharma,SP009,721000.0,652100.0,-68900.0,90.4,Missed
2023,1,January,Q1,East,Jharkhand,Product D,Pharma,SP013,963000.0,712800.0,-250200.0,74.0,Missed
2023,1,January,Q1,East,West Bengal,Product E,Industrial,SP025,358000.0,383600.0,25600.0,107.2,Achieved
2023,1,January,Q1,East,Odisha,Product E,Industrial,SP012,851000.0,1150000.0,299000.0,135.1,Achieved
2023,1,January,Q1,East,Bihar,Product E,Industrial,SP016,296000.0,308700.0,12700.0,104.3,Achieved
2023,1,January,Q1,East,Jharkhand,Product E,Industrial,SP005,888000.0,891600.0,3600.0,100.4,Achieved
2023,1,January,Q1,West,Maharashtra,Product A,FMCG,SP028,871000.0,752200.0,-118800.0,86.4,Missed
2023,1,January,Q1,West,Gujarat,Product A,FMCG,SP020,923000.0,814300.0,-108700.0,88.2,Missed
2023,1,January,Q1,West,Rajasthan,Product A,FMCG,SP024,378000.0,269000.0,-109000.0,71.2,Missed
2023,1,January,Q1,West,Goa,Product A,FMCG,SP020,602000.0,609600.0,7600.0,101.3,Achieved
2023,1,January,Q1,West,Maharashtra,Product B,FMCG,SP004,332000.0,298700.0,-33300.0,90.0,Missed
2023,1,January,Q1,West,Gujarat,Product B,FMCG,SP004,373000.0,415200.0,42200.0,111.3,Achieved
2023,1,January,Q1,West,Rajasthan,Product B,FMCG,SP010,399000.0,305000.0,-94000.0,76.4,Missed
2023,1,January,Q1,West,Goa,Product B,FMCG,SP006,603000.0,678200.0,75200.0,112.5,Achieved
2023,1,January,Q1,West,Maharashtra,Product C,Pharma,SP005,428000.0,373900.0,-54100.0,87.4,Missed
2023,1,January,Q1,West,Gujarat,Product C,Pharma,SP029,734000.0,608000.0,-126000.0,82.8,Missed
2023,1,January,Q1,West,Rajasthan,Product C,Pharma,SP011,916000.0,776300.0,-139700.0,84.8,Missed
2023,1,January,Q1,West,Goa,Product C,Pharma,SP016,940000.0,778900.0,-161100.0,82.9,Missed
2023,1,January,Q1,West,Maharashtra,Product D,Pharma,SP008,982000.0,595800.0,-386200.0,60.7,Missed
2023,1,January,Q1,West,Gujarat,Product D,Pharma,SP009,350000.0,355600.0,5600.0,101.6,Achieved
2023,1,January,Q1,West,Rajasthan,Product D,Pharma,SP028,961000.0,995700.0,34700.0,103.6,Achieved
2023,1,January,Q1,West,Goa,Product D,Pharma,SP012,409000.0,454700.0,45700.0,111.2,Achieved
2023,1,January,Q1,West,Maharashtra,Product E,Industrial,SP022,311000.0,319000.0,8000.0,102.6,Achieved
2023,1,January,Q1,West,Gujarat,Product E,Industrial,SP017,497000.0,506100.0,9100.0,101.8,Achieved
2023,1,January,Q1,West,Rajasthan,Product E,Industrial,SP001,756000.0,505200.0,-250800.0,66.8,Missed
2023,1,January,Q1,West,Goa,Product E,Industrial,SP027,289000.0,273800.0,-15200.0,94.7,Missed
2023,1,January,Q1,Central,MP,Product A,FMCG,SP011,436000.0,327000.0,-109000.0,75.0,Missed
2023,1,January,Q1,Central,Chhattisgarh,Product A,FMCG,SP013,594000.0,521600.0,-72400.0,87.8,Missed
2023,1,January,Q1,Central,Uttarakhand,Product A,FMCG,SP011,961000.0,1085400.0,124400.0,112.9,Achieved
2023,1,January,Q1,Central,MP,Product B,FMCG,SP026,594000.0,549400.0,-44600.0,92.5,Missed
2023,1,January,Q1,Central,Chhattisgarh,Product B,FMCG,SP013,607000.0,320500.0,-286500.0,52.8,Missed
2023,1,January,Q1,Central,Uttarakhand,Product B,FMCG,SP027,570000.0,438800.0,-131200.0,77.0,Missed
2023,1,January,Q1,Central,MP,Product C,Pharma,SP018,328000.0,273800.0,-54200.0,83.5,Missed
2023,1,January,Q1,Central,Chhattisgarh,Product C,Pharma,SP006,281000.0,249000.0,-32000.0,88.6,Missed
2023,1,January,Q1,Central,Uttarakhand,Product C,Pharma,SP030,571000.0,605700.0,34700.0,106.1,Achieved
2023,1,January,Q1,Central,MP,Product D,Pharma,SP024,991000.0,1036100.0,45100.0,104.6,Achieved
2023,1,January,Q1,Central,Chhattisgarh,Product D,Pharma,SP013,916000.0,954300.0,38300.0,104.2,Achieved
2023,1,January,Q1,Central,Uttarakhand,Product D,Pharma,SP015,448000.0,427800.0,-20200.0,95.5,Missed
2023,1,January,Q1,Central,MP,Product E,Industrial,SP010,988000.0,865200.0,-122800.0,87.6,Missed
2023,1,January,Q1,Central,Chhattisgarh,Product E,Industrial,SP021,444000.0,384400.0,-59600.0,86.6,Missed
2023,1,January,Q1,Central,Uttarakhand,Product E,Industrial,SP021,872000.0,858800.0,-13200.0,98.5,Missed
2023,2,February,Q1,North,Delhi,Product A,FMCG,SP010,370000.0,392200.0,22200.0,106.0,Achieved
2023,2,February,Q1,North,Punjab,Product A,FMCG,SP028,919000.0,1059500.0,140500.0,115.3,Achieved
2023,2,February,Q1,North,Haryana,Product A,FMCG,SP024,566000.0,528700.0,-37300.0,93.4,Missed
2023,2,February,Q1,North,UP,Product A,FMCG,SP007,991000.0,955500.0,-35500.0,96.4,Missed
2023,2,February,Q1,North,Delhi,Product B,FMCG,SP026,941000.0,1075400.0,134400.0,114.3,Achieved
2023,2,February,Q1,North,Punjab,Product B,FMCG,SP022,942000.0,713100.0,-228900.0,75.7,Missed
2023,2,February,Q1,North,Haryana,Product B,FMCG,SP008,632000.0,659300.0,27300.0,104.3,Achieved
2023,2,February,Q1,North,UP,Product B,FMCG,SP010,683000.0,547600.0,-135400.0,80.2,Missed
2023,2,February,Q1,North,Delhi,Product C,Pharma,SP025,346000.0,401000.0,55000.0,115.9,Achieved
2023,2,February,Q1,North,Punjab,Product C,Pharma,SP029,683000.0,772400.0,89400.0,113.1,Achieved
2023,2,February,Q1,North,Haryana,Product C,Pharma,SP014,512000.0,597400.0,85400.0,116.7,Achieved
2023,2,February,Q1,North,UP,Product C,Pharma,SP003,745000.0,857700.0,112700.0,115.1,Achieved
2023,2,February,Q1,North,Delhi,Product D,Pharma,SP010,916000.0,958200.0,42200.0,104.6,Achieved
2023,2,February,Q1,North,Punjab,Product D,Pharma,SP028,573000.0,439200.0,-133800.0,76.7,Missed
2023,2,February,Q1,North,Haryana,Product D,Pharma,SP026,720000.0,715800.0,-4200.0,99.4,Missed
2023,2,February,Q1,North,UP,Product D,Pharma,SP018,390000.0,411200.0,21200.0,105.4,Achieved
2023,2,February,Q1,North,Delhi,Product E,Industrial,SP030,512000.0,507700.0,-4300.0,99.2,Missed
2023,2,February,Q1,North,Punjab,Product E,Industrial,SP014,545000.0,492000.0,-53000.0,90.3,Missed
2023,2,February,Q1,North,Haryana,Product E,Industrial,SP014,891000.0,840700.0,-50300.0,94.4,Missed
2023,2,February,Q1,North,UP,Product E,Industrial,SP027,847000.0,828500.0,-18500.0,97.8,Missed
2023,2,February,Q1,South,Karnataka,Product A,FMCG,SP006,536000.0,410600.0,-125400.0,76.6,Missed
2023,2,February,Q1,South,Tamil Nadu,Product A,FMCG,SP013,910000.0,929900.0,19900.0,102.2,Achieved
2023,2,February,Q1,South,Telangana,Product A,FMCG,SP022,840000.0,842700.0,2700.0,100.3,Achieved
2023,2,February,Q1,South,Kerala,Product A,FMCG,SP028,854000.0,768800.0,-85200.0,90.0,Missed
2023,2,February,Q1,South,Karnataka,Product B,FMCG,SP022,945000.0,964100.0,19100.0,102.0,Achieved
2023,2,February,Q1,South,Tamil Nadu,Product B,FMCG,SP015,454000.0,496900.0,42900.0,109.5,Achieved
2023,2,February,Q1,South,Telangana,Product B,FMCG,SP013,588000.0,451300.0,-136700.0,76.7,Missed
2023,2,February,Q1,South,Kerala,Product B,FMCG,SP029,457000.0,521300.0,64300.0,114.1,Achieved
2023,2,February,Q1,South,Karnataka,Product C,Pharma,SP012,274000.0,293900.0,19900.0,107.2,Achieved
2023,2,February,Q1,South,Tamil Nadu,Product C,Pharma,SP022,605000.0,647900.0,42900.0,107.1,Achieved
2023,2,February,Q1,South,Telangana,Product C,Pharma,SP023,549000.0,587200.0,38200.0,107.0,Achieved
2023,2,February,Q1,South,Kerala,Product C,Pharma,SP028,452000.0,464300.0,12300.0,102.7,Achieved
2023,2,February,Q1,South,Karnataka,Product D,Pharma,SP029,898000.0,826200.0,-71800.0,92.0,Missed
2023,2,February,Q1,South,Tamil Nadu,Product D,Pharma,SP022,432000.0,349900.0,-82100.0,81.0,Missed
2023,2,February,Q1,South,Telangana,Product D,Pharma,SP026,874000.0,871300.0,-2700.0,99.7,Missed
2023,2,February,Q1,South,Kerala,Product D,Pharma,SP009,890000.0,836500.0,-53500.0,94.0,Missed
2023,2,February,Q1,South,Karnataka,Product E,Industrial,SP014,971000.0,792300.0,-178700.0,81.6,Missed
2023,2,February,Q1,South,Tamil Nadu,Product E,Industrial,SP025,937000.0,1109400.0,172400.0,118.4,Achieved
2023,2,February,Q1,South,Telangana,Product E,Industrial,SP008,655000.0,685200.0,30200.0,104.6,Achieved
2023,2,February,Q1,South,Kerala,Product E,Industrial,SP028,596000.0,520500.0,-75500.0,87.3,Missed
2023,2,February,Q1,East,West Bengal,Product A,FMCG,SP022,647000.0,442400.0,-204600.0,68.4,Missed
2023,2,February,Q1,East,Odisha,Product A,FMCG,SP001,376000.0,298700.0,-77300.0,79.4,Missed
2023,2,February,Q1,East,Bihar,Product A,FMCG,SP017,772000.0,766800.0,-5200.0,99.3,Missed
2023,2,February,Q1,East,Jharkhand,Product A,FMCG,SP007,271000.0,238800.0,-32200.0,88.1,Missed
2023,2,February,Q1,East,West Bengal,Product B,FMCG,SP017,563000.0,406700.0,-156300.0,72.2,Missed
2023,2,February,Q1,East,Odisha,Product B,FMCG,SP022,975000.0,936000.0,-39000.0,96.0,Missed
2023,2,February,Q1,East,Bihar,Product B,FMCG,SP006,752000.0,673900.0,-78100.0,89.6,Missed
2023,2,February,Q1,East,Jharkhand,Product B,FMCG,SP026,1030000.0,885400.0,-144600.0,86.0,Missed
2023,2,February,Q1,East,West Bengal,Product C,Pharma,SP015,464000.0,340200.0,-123800.0,73.3,Missed
2023,2,February,Q1,East,Odisha,Product C,Pharma,SP009,976000.0,946900.0,-29100.0,97.0,Missed
2023,2,February,Q1,East,Bihar,Product C,Pharma,SP028,967000.0,734100.0,-232900.0,75.9,Missed
2023,2,February,Q1,East,Jharkhand,Product C,Pharma,SP014,712000.0,632300.0,-79700.0,88.8,Missed
2023,2,February,Q1,East,West Bengal,Product D,Pharma,SP018,771000.0,843500.0,72500.0,109.4,Achieved
2023,2,February,Q1,East,Odisha,Product D,Pharma,SP021,855000.0,946200.0,91200.0,110.7,Achieved
2023,2,February,Q1,East,Bihar,Product D,Pharma,SP025,866000.0,780100.0,-85900.0,90.1,Missed
2023,2,February,Q1,East,Jharkhand,Product D,Pharma,SP027,992000.0,496000.0,-496000.0,50.0,Missed
2023,2,February,Q1,East,West Bengal,Product E,Industrial,SP020,996000.0,1029200.0,33200.0,103.3,Achieved
2023,2,February,Q1,East,Odisha,Product E,Industrial,SP010,459000.0,358300.0,-100700.0,78.1,Missed
2023,2,February,Q1,East,Bihar,Product E,Industrial,SP024,289000.0,205500.0,-83500.0,71.1,Missed
2023,2,February,Q1,East,Jharkhand,Product E,Industrial,SP004,1031000.0,1062900.0,31900.0,103.1,Achieved
2023,2,February,Q1,West,Maharashtra,Product A,FMCG,SP010,341000.0,219100.0,-121900.0,64.3,Missed
2023,2,February,Q1,West,Gujarat,Product A,FMCG,SP019,300000.0,308100.0,8100.0,102.7,Achieved
2023,2,February,Q1,West,Rajasthan,Product A,FMCG,SP002,663000.0,700000.0,37000.0,105.6,Achieved
2023,2,February,Q1,West,Goa,Product A,FMCG,SP010,618000.0,615200.0,-2800.0,99.5,Missed
2023,2,February,Q1,West,Maharashtra,Product B,FMCG,SP018,861000.0,819200.0,-41800.0,95.1,Missed
2023,2,February,Q1,West,Gujarat,Product B,FMCG,SP023,825000.0,745100.0,-79900.0,90.3,Missed
2023,2,February,Q1,West,Rajasthan,Product B,FMCG,SP019,549000.0,465200.0,-83800.0,84.7,Missed
2023,2,February,Q1,West,Goa,Product B,FMCG,SP007,984000.0,745600.0,-238400.0,75.8,Missed
2023,2,February,Q1,West,Maharashtra,Product C,Pharma,SP004,1019000.0,1299500.0,280500.0,127.5,Achieved
2023,2,February,Q1,West,Gujarat,Product C,Pharma,SP013,646000.0,551200.0,-94800.0,85.3,Missed
2023,2,February,Q1,West,Rajasthan,Product C,Pharma,SP026,433000.0,338400.0,-94600.0,78.1,Missed
2023,2,February,Q1,West,Goa,Product C,Pharma,SP009,705000.0,638700.0,-66300.0,90.6,Missed
2023,2,February,Q1,West,Maharashtra,Product D,Pharma,SP011,391000.0,393600.0,2600.0,100.7,Achieved
2023,2,February,Q1,West,Gujarat,Product D,Pharma,SP029,393000.0,421700.0,28700.0,107.3,Achieved
2023,2,February,Q1,West,Rajasthan,Product D,Pharma,SP029,691000.0,612100.0,-78900.0,88.6,Missed
2023,2,February,Q1,West,Goa,Product D,Pharma,SP028,1072000.0,955600.0,-116400.0,89.1,Missed
2023,2,February,Q1,West,Maharashtra,Product E,Industrial,SP023,932000.0,745400.0,-186600.0,80.0,Missed
2023,2,February,Q1,West,Gujarat,Product E,Industrial,SP013,665000.0,586300.0,-78700.0,88.2,Missed
2023,2,February,Q1,West,Rajasthan,Product E,Industrial,SP018,945000.0,992100.0,47100.0,105.0,Achieved
2023,2,February,Q1,West,Goa,Product E,Industrial,SP006,610000.0,555500.0,-54500.0,91.1,Missed
2023,2,February,Q1,Central,MP,Product A,FMCG,SP009,466000.0,403100.0,-62900.0,86.5,Missed
2023,2,February,Q1,Central,Chhattisgarh,Product A,FMCG,SP009,707000.0,668600.0,-38400.0,94.6,Missed
2023,2,February,Q1,Central,Uttarakhand,Product A,FMCG,SP019,1067000.0,856500.0,-210500.0,80.3,Missed
2023,2,February,Q1,Central,MP,Product B,FMCG,SP029,930000.0,554700.0,-375300.0,59.6,Missed
2023,2,February,Q1,Central,Chhattisgarh,Product B,FMCG,SP013,443000.0,375200.0,-67800.0,84.7,Missed
2023,2,February,Q1,Central,Uttarakhand,Product B,FMCG,SP027,722000.0,361000.0,-361000.0,50.0,Missed
2023,2,February,Q1,Central,MP,Product C,Pharma,SP019,861000.0,758000.0,-103000.0,88.0,Missed
2023,2,February,Q1,Central,Chhattisgarh,Product C,Pharma,SP029,720000.0,706800.0,-13200.0,98.2,Missed
2023,2,February,Q1,Central,Uttarakhand,Product C,Pharma,SP022,430000.0,459300.0,29300.0,106.8,Achieved
2023,2,February,Q1,Central,MP,Product D,Pharma,SP003,772000.0,771600.0,-400.0,99.9,Missed
2023,2,February,Q1,Central,Chhattisgarh,Product D,Pharma,SP008,704000.0,651500.0,-52500.0,92.5,Missed
2023,2,February,Q1,Central,Uttarakhand,Product D,Pharma,SP017,285000.0,218400.0,-66600.0,76.6,Missed
2023,2,February,Q1,Central,MP,Product E,Industrial,SP004,581000.0,438800.0,-142200.0,75.5,Missed
2023,2,February,Q1,Central,Chhattisgarh,Product E,Industrial,SP026,736000.0,653900.0,-82100.0,88.8,Missed
2023,2,February,Q1,Central,Uttarakhand,Product E,Industrial,SP003,587000.0,463900.0,-123100.0,79.0,Missed
2023,3,March,Q1,North,Delhi,Product A,FMCG,SP021,1069000.0,829200.0,-239800.0,77.6,Missed
2023,3,March,Q1,North,Punjab,Product A,FMCG,SP001,897000.0,831200.0,-65800.0,92.7,Missed
2023,3,March,Q1,North,Haryana,Product A,FMCG,SP022,859000.0,680500.0,-178500.0,79.2,Missed
2023,3,March,Q1,North,UP,Product A,FMCG,SP009,964000.0,624200.0,-339800.0,64.7,Missed
2023,3,March,Q1,North,Delhi,Product B,FMCG,SP001,911000.0,808300.0,-102700.0,88.7,Missed
2023,3,March,Q1,North,Punjab,Product B,FMCG,SP011,734000.0,570700.0,-163300.0,77.8,Missed
2023,3,March,Q1,North,Haryana,Product B,FMCG,SP009,474000.0,472900.0,-1100.0,99.8,Missed
2023,3,March,Q1,North,UP,Product B,FMCG,SP005,917000.0,1021600.0,104600.0,111.4,Achieved
2023,3,March,Q1,North,Delhi,Product C,Pharma,SP030,350000.0,361900.0,11900.0,103.4,Achieved
2023,3,March,Q1,North,Punjab,Product C,Pharma,SP013,338000.0,333100.0,-4900.0,98.5,Missed
2023,3,March,Q1,North,Haryana,Product C,Pharma,SP002,659000.0,741300.0,82300.0,112.5,Achieved
2023,3,March,Q1,North,UP,Product C,Pharma,SP017,541000.0,418100.0,-122900.0,77.3,Missed
2023,3,March,Q1,North,Delhi,Product D,Pharma,SP018,1092000.0,910200.0,-181800.0,83.4,Missed
2023,3,March,Q1,North,Punjab,Product D,Pharma,SP010,466000.0,441700.0,-24300.0,94.8,Missed
2023,3,March,Q1,North,Haryana,Product D,Pharma,SP027,760000.0,654100.0,-105900.0,86.1,Missed
2023,3,March,Q1,North,UP,Product D,Pharma,SP002,1029000.0,969100.0,-59900.0,94.2,Missed
2023,3,March,Q1,North,Delhi,Product E,Industrial,SP025,738000.0,637100.0,-100900.0,86.3,Missed
2023,3,March,Q1,North,Punjab,Product E,Industrial,SP008,1144000.0,1007500.0,-136500.0,88.1,Missed
2023,3,March,Q1,North,Haryana,Product E,Industrial,SP007,423000.0,362000.0,-61000.0,85.6,Missed
2023,3,March,Q1,North,UP,Product E,Industrial,SP016,480000.0,495200.0,15200.0,103.2,Achieved
2023,3,March,Q1,South,Karnataka,Product A,FMCG,SP009,589000.0,525400.0,-63600.0,89.2,Missed
2023,3,March,Q1,South,Tamil Nadu,Product A,FMCG,SP022,683000.0,494100.0,-188900.0,72.3,Missed
2023,3,March,Q1,South,Telangana,Product A,FMCG,SP003,887000.0,799800.0,-87200.0,90.2,Missed
2023,3,March,Q1,South,Kerala,Product A,FMCG,SP030,508000.0,421000.0,-87000.0,82.9,Missed
2023,3,March,Q1,South,Karnataka,Product B,FMCG,SP025,886000.0,1007000.0,121000.0,113.7,Achieved
2023,3,March,Q1,South,Tamil Nadu,Product B,FMCG,SP006,1036000.0,1009400.0,-26600.0,97.4,Missed
2023,3,March,Q1,South,Telangana,Product B,FMCG,SP012,984000.0,1092800.0,108800.0,111.1,Achieved
2023,3,March,Q1,South,Kerala,Product B,FMCG,SP027,861000.0,806500.0,-54500.0,93.7,Missed
2023,3,March,Q1,South,Karnataka,Product C,Pharma,SP003,1080000.0,1142800.0,62800.0,105.8,Achieved
2023,3,March,Q1,South,Tamil Nadu,Product C,Pharma,SP022,419000.0,433600.0,14600.0,103.5,Achieved
2023,3,March,Q1,South,Telangana,Product C,Pharma,SP024,432000.0,433600.0,1600.0,100.4,Achieved
2023,3,March,Q1,South,Kerala,Product C,Pharma,SP027,444000.0,292600.0,-151400.0,65.9,Missed
2023,3,March,Q1,South,Karnataka,Product D,Pharma,SP005,872000.0,828300.0,-43700.0,95.0,Missed
2023,3,March,Q1,South,Tamil Nadu,Product D,Pharma,SP003,335000.0,376600.0,41600.0,112.4,Achieved
2023,3,March,Q1,South,Telangana,Product D,Pharma,SP025,838000.0,772700.0,-65300.0,92.2,Missed
2023,3,March,Q1,South,Kerala,Product D,Pharma,SP021,698000.0,764700.0,66700.0,109.5,Achieved
2023,3,March,Q1,South,Karnataka,Product E,Industrial,SP006,671000.0,569000.0,-102000.0,84.8,Missed
2023,3,March,Q1,South,Tamil Nadu,Product E,Industrial,SP028,1120000.0,978900.0,-141100.0,87.4,Missed
2023,3,March,Q1,South,Telangana,Product E,Industrial,SP023,543000.0,555600.0,12600.0,102.3,Achieved
2023,3,March,Q1,South,Kerala,Product E,Industrial,SP020,938000.0,664100.0,-273900.0,70.8,Missed
2023,3,March,Q1,East,West Bengal,Product A,FMCG,SP025,941000.0,1101800.0,160800.0,117.1,Achieved
2023,3,March,Q1,East,Odisha,Product A,FMCG,SP006,657000.0,577300.0,-79700.0,87.9,Missed
2023,3,March,Q1,East,Bihar,Product A,FMCG,SP025,355000.0,396500.0,41500.0,111.7,Achieved
2023,3,March,Q1,East,Jharkhand,Product A,FMCG,SP029,659000.0,547200.0,-111800.0,83.0,Missed
2023,3,March,Q1,East,West Bengal,Product B,FMCG,SP026,955000.0,986300.0,31300.0,103.3,Achieved
2023,3,March,Q1,East,Odisha,Product B,FMCG,SP014,497000.0,426200.0,-70800.0,85.8,Missed
2023,3,March,Q1,East,Bihar,Product B,FMCG,SP010,488000.0,336300.0,-151700.0,68.9,Missed
2023,3,March,Q1,East,Jharkhand,Product B,FMCG,SP024,417000.0,357200.0,-59800.0,85.6,Missed
2023,3,March,Q1,East,West Bengal,Product C,Pharma,SP005,821000.0,741300.0,-79700.0,90.3,Missed
2023,3,March,Q1,East,Odisha,Product C,Pharma,SP021,847000.0,840200.0,-6800.0,99.2,Missed
2023,3,March,Q1,East,Bihar,Product C,Pharma,SP024,313000.0,250900.0,-62100.0,80.2,Missed
2023,3,March,Q1,East,Jharkhand,Product C,Pharma,SP008,695000.0,693600.0,-1400.0,99.8,Missed
2023,3,March,Q1,East,West Bengal,Product D,Pharma,SP030,1015000.0,894300.0,-120700.0,88.1,Missed
2023,3,March,Q1,East,Odisha,Product D,Pharma,SP026,402000.0,250500.0,-151500.0,62.3,Missed
2023,3,March,Q1,East,Bihar,Product D,Pharma,SP026,1133000.0,1209700.0,76700.0,106.8,Achieved
2023,3,March,Q1,East,Jharkhand,Product D,Pharma,SP008,894000.0,967000.0,73000.0,108.2,Achieved
2023,3,March,Q1,East,West Bengal,Product E,Industrial,SP015,1069000.0,926200.0,-142800.0,86.6,Missed
2023,3,March,Q1,East,Odisha,Product E,Industrial,SP026,932000.0,831300.0,-100700.0,89.2,Missed
2023,3,March,Q1,East,Bihar,Product E,Industrial,SP028,384000.0,323100.0,-60900.0,84.1,Missed
2023,3,March,Q1,East,Jharkhand,Product E,Industrial,SP029,1157000.0,1130500.0,-26500.0,97.7,Missed
2023,3,March,Q1,West,Maharashtra,Product A,FMCG,SP006,1179000.0,980400.0,-198600.0,83.2,Missed
2023,3,March,Q1,West,Gujarat,Product A,FMCG,SP006,1112000.0,1161800.0,49800.0,104.5,Achieved
2023,3,March,Q1,West,Rajasthan,Product A,FMCG,SP015,691000.0,620700.0,-70300.0,89.8,Missed
2023,3,March,Q1,West,Goa,Product A,FMCG,SP009,629000.0,456200.0,-172800.0,72.5,Missed
2023,3,March,Q1,West,Maharashtra,Product B,FMCG,SP019,348000.0,356000.0,8000.0,102.3,Achieved
2023,3,March,Q1,West,Gujarat,Product B,FMCG,SP019,716000.0,709300.0,-6700.0,99.1,Missed
2023,3,March,Q1,West,Rajasthan,Product B,FMCG,SP001,615000.0,395300.0,-219700.0,64.3,Missed
2023,3,March,Q1,West,Goa,Product B,FMCG,SP006,439000.0,416100.0,-22900.0,94.8,Missed
2023,3,March,Q1,West,Maharashtra,Product C,Pharma,SP001,600000.0,602500.0,2500.0,100.4,Achieved
2023,3,March,Q1,West,Gujarat,Product C,Pharma,SP026,883000.0,800000.0,-83000.0,90.6,Missed
2023,3,March,Q1,West,Rajasthan,Product C,Pharma,SP010,604000.0,512200.0,-91800.0,84.8,Missed
2023,3,March,Q1,West,Goa,Product C,Pharma,SP004,816000.0,901100.0,85100.0,110.4,Achieved
2023,3,March,Q1,West,Maharashtra,Product D,Pharma,SP014,1141000.0,936500.0,-204500.0,82.1,Missed
2023,3,March,Q1,West,Gujarat,Product D,Pharma,SP003,342000.0,404100.0,62100.0,118.1,Achieved
2023,3,March,Q1,West,Rajasthan,Product D,Pharma,SP012,472000.0,383100.0,-88900.0,81.2,Missed
2023,3,March,Q1,West,Goa,Product D,Pharma,SP020,1017000.0,1079100.0,62100.0,106.1,Achieved
2023,3,March,Q1,West,Maharashtra,Product E,Industrial,SP011,1188000.0,1414500.0,226500.0,119.1,Achieved
2023,3,March,Q1,West,Gujarat,Product E,Industrial,SP011,996000.0,724700.0,-271300.0,72.8,Missed
2023,3,March,Q1,West,Rajasthan,Product E,Industrial,SP011,1145000.0,1135500.0,-9500.0,99.2,Missed
2023,3,March,Q1,West,Goa,Product E,Industrial,SP027,336000.0,272800.0,-63200.0,81.2,Missed
2023,3,March,Q1,Central,MP,Product A,FMCG,SP013,1153000.0,1199400.0,46400.0,104.0,Achieved
2023,3,March,Q1,Central,Chhattisgarh,Product A,FMCG,SP009,940000.0,1067300.0,127300.0,113.5,Achieved
2023,3,March,Q1,Central,Uttarakhand,Product A,FMCG,SP008,875000.0,1038000.0,163000.0,118.6,Achieved
2023,3,March,Q1,Central,MP,Product B,FMCG,SP005,1027000.0,1103000.0,76000.0,107.4,Achieved
2023,3,March,Q1,Central,Chhattisgarh,Product B,FMCG,SP022,319000.0,277600.0,-41400.0,87.0,Missed
2023,3,March,Q1,Central,Uttarakhand,Product B,FMCG,SP025,603000.0,620100.0,17100.0,102.8,Achieved
2023,3,March,Q1,Central,MP,Product C,Pharma,SP024,719000.0,945500.0,226500.0,131.5,Achieved
2023,3,March,Q1,Central,Chhattisgarh,Product C,Pharma,SP014,837000.0,928300.0,91300.0,110.9,Achieved
2023,3,March,Q1,Central,Uttarakhand,Product C,Pharma,SP023,1112000.0,1395700.0,283700.0,125.5,Achieved
2023,3,March,Q1,Central,MP,Product D,Pharma,SP008,483000.0,528800.0,45800.0,109.5,Achieved
2023,3,March,Q1,Central,Chhattisgarh,Product D,Pharma,SP017,726000.0,539900.0,-186100.0,74.4,Missed
2023,3,March,Q1,Central,Uttarakhand,Product D,Pharma,SP002,522000.0,460300.0,-61700.0,88.2,Missed
2023,3,March,Q1,Central,MP,Product E,Industrial,SP008,979000.0,1008100.0,29100.0,103.0,Achieved
2023,3,March,Q1,Central,Chhattisgarh,Product E,Industrial,SP009,472000.0,369500.0,-102500.0,78.3,Missed
2023,3,March,Q1,Central,Uttarakhand,Product E,Industrial,SP027,895000.0,919400.0,24400.0,102.7,Achieved
2023,4,April,Q2,North,Delhi,Product A,FMCG,SP004,831000.0,527500.0,-303500.0,63.5,Missed
2023,4,April,Q2,North,Punjab,Product A,FMCG,SP001,982000.0,896500.0,-85500.0,91.3,Missed
2023,4,April,Q2,North,Haryana,Product A,FMCG,SP001,1296000.0,1312400.0,16400.0,101.3,Achieved
2023,4,April,Q2,North,UP,Product A,FMCG,SP007,482000.0,311200.0,-170800.0,64.6,Missed
2023,4,April,Q2,North,Delhi,Product B,FMCG,SP029,537000.0,540900.0,3900.0,100.7,Achieved
2023,4,April,Q2,North,Punjab,Product B,FMCG,SP021,677000.0,718100.0,41100.0,106.1,Achieved
2023,4,April,Q2,North,Haryana,Product B,FMCG,SP002,624000.0,664800.0,40800.0,106.5,Achieved
2023,4,April,Q2,North,UP,Product B,FMCG,SP006,999000.0,678700.0,-320300.0,67.9,Missed
2023,4,April,Q2,North,Delhi,Product C,Pharma,SP025,827000.0,588900.0,-238100.0,71.2,Missed
2023,4,April,Q2,North,Punjab,Product C,Pharma,SP005,334000.0,366700.0,32700.0,109.8,Achieved
2023,4,April,Q2,North,Haryana,Product C,Pharma,SP030,1072000.0,1177300.0,105300.0,109.8,Achieved
2023,4,April,Q2,North,UP,Product C,Pharma,SP002,910000.0,699900.0,-210100.0,76.9,Missed
2023,4,April,Q2,North,Delhi,Product D,Pharma,SP013,845000.0,615500.0,-229500.0,72.8,Missed
2023,4,April,Q2,North,Punjab,Product D,Pharma,SP003,521000.0,559100.0,38100.0,107.3,Achieved
2023,4,April,Q2,North,Haryana,Product D,Pharma,SP019,599000.0,380200.0,-218800.0,63.5,Missed
2023,4,April,Q2,North,UP,Product D,Pharma,SP011,831000.0,854000.0,23000.0,102.8,Achieved
2023,4,April,Q2,North,Delhi,Product E,Industrial,SP005,882000.0,600400.0,-281600.0,68.1,Missed
2023,4,April,Q2,North,Punjab,Product E,Industrial,SP030,1036000.0,738100.0,-297900.0,71.2,Missed
2023,4,April,Q2,North,Haryana,Product E,Industrial,SP003,756000.0,711600.0,-44400.0,94.1,Missed
2023,4,April,Q2,North,UP,Product E,Industrial,SP017,514000.0,527800.0,13800.0,102.7,Achieved
2023,4,April,Q2,South,Karnataka,Product A,FMCG,SP008,1176000.0,1212300.0,36300.0,103.1,Achieved
2023,4,April,Q2,South,Tamil Nadu,Product A,FMCG,SP019,889000.0,842400.0,-46600.0,94.8,Missed
2023,4,April,Q2,South,Telangana,Product A,FMCG,SP007,1155000.0,918800.0,-236200.0,79.5,Missed
2023,4,April,Q2,South,Kerala,Product A,FMCG,SP028,446000.0,358600.0,-87400.0,80.4,Missed
2023,4,April,Q2,South,Karnataka,Product B,FMCG,SP014,1035000.0,993600.0,-41400.0,96.0,Missed
2023,4,April,Q2,South,Tamil Nadu,Product B,FMCG,SP007,1253000.0,1286900.0,33900.0,102.7,Achieved
2023,4,April,Q2,South,Telangana,Product B,FMCG,SP006,485000.0,382900.0,-102100.0,78.9,Missed
2023,4,April,Q2,South,Kerala,Product B,FMCG,SP016,1181000.0,967500.0,-213500.0,81.9,Missed
2023,4,April,Q2,South,Karnataka,Product C,Pharma,SP029,617000.0,513500.0,-103500.0,83.2,Missed
2023,4,April,Q2,South,Tamil Nadu,Product C,Pharma,SP006,1300000.0,1208600.0,-91400.0,93.0,Missed
2023,4,April,Q2,South,Telangana,Product C,Pharma,SP022,626000.0,488300.0,-137700.0,78.0,Missed
2023,4,April,Q2,South,Kerala,Product C,Pharma,SP006,1081000.0,993300.0,-87700.0,91.9,Missed
2023,4,April,Q2,South,Karnataka,Product D,Pharma,SP017,1105000.0,1052100.0,-52900.0,95.2,Missed
2023,4,April,Q2,South,Tamil Nadu,Product D,Pharma,SP026,912000.0,909800.0,-2200.0,99.8,Missed
2023,4,April,Q2,South,Telangana,Product D,Pharma,SP030,1311000.0,1296700.0,-14300.0,98.9,Missed
2023,4,April,Q2,South,Kerala,Product D,Pharma,SP018,419000.0,307100.0,-111900.0,73.3,Missed
2023,4,April,Q2,South,Karnataka,Product E,Industrial,SP008,607000.0,564400.0,-42600.0,93.0,Missed
2023,4,April,Q2,South,Tamil Nadu,Product E,Industrial,SP017,592000.0,584500.0,-7500.0,98.7,Missed
2023,4,April,Q2,South,Telangana,Product E,Industrial,SP022,1143000.0,934400.0,-208600.0,81.7,Missed
2023,4,April,Q2,South,Kerala,Product E,Industrial,SP014,786000.0,677200.0,-108800.0,86.2,Missed
2023,4,April,Q2,East,West Bengal,Product A,FMCG,SP017,978000.0,1105100.0,127100.0,113.0,Achieved
2023,4,April,Q2,East,Odisha,Product A,FMCG,SP003,609000.0,380700.0,-228300.0,62.5,Missed
2023,4,April,Q2,East,Bihar,Product A,FMCG,SP009,704000.0,877000.0,173000.0,124.6,Achieved
2023,4,April,Q2,East,Jharkhand,Product A,FMCG,SP025,981000.0,1082500.0,101500.0,110.3,Achieved
2023,4,April,Q2,East,West Bengal,Product B,FMCG,SP011,902000.0,789300.0,-112700.0,87.5,Missed
2023,4,April,Q2,East,Odisha,Product B,FMCG,SP007,442000.0,514800.0,72800.0,116.5,Achieved
2023,4,April,Q2,East,Bihar,Product B,FMCG,SP026,1054000.0,818300.0,-235700.0,77.6,Missed
2023,4,April,Q2,East,Jharkhand,Product B,FMCG,SP001,374000.0,373800.0,-200.0,100.0,Missed
2023,4,April,Q2,East,West Bengal,Product C,Pharma,SP014,402000.0,286300.0,-115700.0,71.2,Missed
2023,4,April,Q2,East,Odisha,Product C,Pharma,SP011,549000.0,635300.0,86300.0,115.7,Achieved
2023,4,April,Q2,East,Bihar,Product C,Pharma,SP030,388000.0,320100.0,-67900.0,82.5,Missed
2023,4,April,Q2,East,Jharkhand,Product C,Pharma,SP022,668000.0,702200.0,34200.0,105.1,Achieved
2023,4,April,Q2,East,West Bengal,Product D,Pharma,SP006,639000.0,609100.0,-29900.0,95.3,Missed
2023,4,April,Q2,East,Odisha,Product D,Pharma,SP029,1105000.0,956700.0,-148300.0,86.6,Missed
2023,4,April,Q2,East,Bihar,Product D,Pharma,SP009,342000.0,287400.0,-54600.0,84.0,Missed
2023,4,April,Q2,East,Jharkhand,Product D,Pharma,SP019,942000.0,1226800.0,284800.0,130.2,Achieved
2023,4,April,Q2,East,West Bengal,Product E,Industrial,SP010,556000.0,456600.0,-99400.0,82.1,Missed
2023,4,April,Q2,East,Odisha,Product E,Industrial,SP024,750000.0,751400.0,1400.0,100.2,Achieved
2023,4,April,Q2,East,Bihar,Product E,Industrial,SP004,514000.0,526500.0,12500.0,102.4,Achieved
2023,4,April,Q2,East,Jharkhand,Product E,Industrial,SP012,779000.0,853100.0,74100.0,109.5,Achieved
2023,4,April,Q2,West,Maharashtra,Product A,FMCG,SP005,1133000.0,1233400.0,100400.0,108.9,Achieved
2023,4,April,Q2,West,Gujarat,Product A,FMCG,SP010,942000.0,713000.0,-229000.0,75.7,Missed
2023,4,April,Q2,West,Rajasthan,Product A,FMCG,SP009,559000.0,515000.0,-44000.0,92.1,Missed
2023,4,April,Q2,West,Goa,Product A,FMCG,SP015,394000.0,403400.0,9400.0,102.4,Achieved
2023,4,April,Q2,West,Maharashtra,Product B,FMCG,SP001,739000.0,716300.0,-22700.0,96.9,Missed
2023,4,April,Q2,West,Gujarat,Product B,FMCG,SP008,493000.0,404000.0,-89000.0,82.0,Missed
2023,4,April,Q2,West,Rajasthan,Product B,FMCG,SP020,420000.0,358300.0,-61700.0,85.3,Missed
2023,4,April,Q2,West,Goa,Product B,FMCG,SP027,768000.0,702500.0,-65500.0,91.5,Missed
2023,4,April,Q2,West,Maharashtra,Product C,Pharma,SP001,744000.0,560300.0,-183700.0,75.3,Missed
2023,4,April,Q2,West,Gujarat,Product C,Pharma,SP011,763000.0,699900.0,-63100.0,91.7,Missed
2023,4,April,Q2,West,Rajasthan,Product C,Pharma,SP008,951000.0,961800.0,10800.0,101.1,Achieved
2023,4,April,Q2,West,Goa,Product C,Pharma,SP005,1229000.0,1234400.0,5400.0,100.4,Achieved
2023,4,April,Q2,West,Maharashtra,Product D,Pharma,SP003,355000.0,354800.0,-200.0,99.9,Missed
2023,4,April,Q2,West,Gujarat,Product D,Pharma,SP001,533000.0,420300.0,-112700.0,78.9,Missed
2023,4,April,Q2,West,Rajasthan,Product D,Pharma,SP007,586000.0,397000.0,-189000.0,67.8,Missed
2023,4,April,Q2,West,Goa,Product D,Pharma,SP011,1046000.0,1018600.0,-27400.0,97.4,Missed
2023,4,April,Q2,West,Maharashtra,Product E,Industrial,SP009,1207000.0,983100.0,-223900.0,81.5,Missed
2023,4,April,Q2,West,Gujarat,Product E,Industrial,SP003,1074000.0,1053400.0,-20600.0,98.1,Missed
2023,4,April,Q2,West,Rajasthan,Product E,Industrial,SP001,831000.0,963200.0,132200.0,115.9,Achieved
2023,4,April,Q2,West,Goa,Product E,Industrial,SP004,1088000.0,1035000.0,-53000.0,95.1,Missed
2023,4,April,Q2,Central,MP,Product A,FMCG,SP014,423000.0,375800.0,-47200.0,88.8,Missed
2023,4,April,Q2,Central,Chhattisgarh,Product A,FMCG,SP023,1304000.0,1057500.0,-246500.0,81.1,Missed
2023,4,April,Q2,Central,Uttarakhand,Product A,FMCG,SP024,756000.0,589600.0,-166400.0,78.0,Missed
2023,4,April,Q2,Central,MP,Product B,FMCG,SP016,819000.0,912800.0,93800.0,111.5,Achieved
2023,4,April,Q2,Central,Chhattisgarh,Product B,FMCG,SP018,764000.0,424800.0,-339200.0,55.6,Missed
2023,4,April,Q2,Central,Uttarakhand,Product B,FMCG,SP025,975000.0,870800.0,-104200.0,89.3,Missed
2023,4,April,Q2,Central,MP,Product C,Pharma,SP029,1074000.0,1181600.0,107600.0,110.0,Achieved
2023,4,April,Q2,Central,Chhattisgarh,Product C,Pharma,SP009,707000.0,543800.0,-163200.0,76.9,Missed
2023,4,April,Q2,Central,Uttarakhand,Product C,Pharma,SP023,728000.0,663400.0,-64600.0,91.1,Missed
2023,4,April,Q2,Central,MP,Product D,Pharma,SP026,465000.0,409300.0,-55700.0,88.0,Missed
2023,4,April,Q2,Central,Chhattisgarh,Product D,Pharma,SP009,943000.0,949600.0,6600.0,100.7,Achieved
2023,4,April,Q2,Central,Uttarakhand,Product D,Pharma,SP008,404000.0,459800.0,55800.0,113.8,Achieved
2023,4,April,Q2,Central,MP,Product E,Industrial,SP030,368000.0,314900.0,-53100.0,85.6,Missed
2023,4,April,Q2,Central,Chhattisgarh,Product E,Industrial,SP008,638000.0,491200.0,-146800.0,77.0,Missed
2023,4,April,Q2,Central,Uttarakhand,Product E,Industrial,SP011,1046000.0,861400.0,-184600.0,82.3,Missed
2023,5,May,Q2,North,Delhi,Product A,FMCG,SP004,685000.0,831800.0,146800.0,121.4,Achieved
2023,5,May,Q2,North,Punjab,Product A,FMCG,SP029,729000.0,887200.0,158200.0,121.7,Achieved
2023,5,May,Q2,North,Haryana,Product A,FMCG,SP020,1121000.0,1103400.0,-17600.0,98.4,Missed
2023,5,May,Q2,North,UP,Product A,FMCG,SP008,614000.0,622100.0,8100.0,101.3,Achieved
2023,5,May,Q2,North,Delhi,Product B,FMCG,SP015,1170000.0,966800.0,-203200.0,82.6,Missed
2023,5,May,Q2,North,Punjab,Product B,FMCG,SP015,994000.0,1066400.0,72400.0,107.3,Achieved
2023,5,May,Q2,North,Haryana,Product B,FMCG,SP001,1092000.0,964200.0,-127800.0,88.3,Missed
2023,5,May,Q2,North,UP,Product B,FMCG,SP024,674000.0,534900.0,-139100.0,79.4,Missed
2023,5,May,Q2,North,Delhi,Product C,Pharma,SP003,1307000.0,1252400.0,-54600.0,95.8,Missed
2023,5,May,Q2,North,Punjab,Product C,Pharma,SP013,502000.0,439400.0,-62600.0,87.5,Missed
2023,5,May,Q2,North,Haryana,Product C,Pharma,SP024,374000.0,356400.0,-17600.0,95.3,Missed
2023,5,May,Q2,North,UP,Product C,Pharma,SP010,960000.0,879400.0,-80600.0,91.6,Missed
2023,5,May,Q2,North,Delhi,Product D,Pharma,SP025,1345000.0,1309000.0,-36000.0,97.3,Missed
2023,5,May,Q2,North,Punjab,Product D,Pharma,SP023,895000.0,841000.0,-54000.0,94.0,Missed
2023,5,May,Q2,North,Haryana,Product D,Pharma,SP014,1329000.0,1597400.0,268400.0,120.2,Achieved
2023,5,May,Q2,North,UP,Product D,Pharma,SP030,1280000.0,1322100.0,42100.0,103.3,Achieved
2023,5,May,Q2,North,Delhi,Product E,Industrial,SP011,979000.0,852500.0,-126500.0,87.1,Missed
2023,5,May,Q2,North,Punjab,Product E,Industrial,SP008,1096000.0,1096600.0,600.0,100.1,Achieved
2023,5,May,Q2,North,Haryana,Product E,Industrial,SP023,1010000.0,841600.0,-168400.0,83.3,Missed
2023,5,May,Q2,North,UP,Product E,Industrial,SP030,482000.0,443300.0,-38700.0,92.0,Missed
2023,5,May,Q2,South,Karnataka,Product A,FMCG,SP030,704000.0,541900.0,-162100.0,77.0,Missed
2023,5,May,Q2,South,Tamil Nadu,Product A,FMCG,SP013,1306000.0,1001700.0,-304300.0,76.7,Missed
2023,5,May,Q2,South,Telangana,Product A,FMCG,SP007,436000.0,410800.0,-25200.0,94.2,Missed
2023,5,May,Q2,South,Kerala,Product A,FMCG,SP019,696000.0,493600.0,-202400.0,70.9,Missed
2023,5,May,Q2,South,Karnataka,Product B,FMCG,SP015,1266000.0,1192100.0,-73900.0,94.2,Missed
2023,5,May,Q2,South,Tamil Nadu,Product B,FMCG,SP016,768000.0,663200.0,-104800.0,86.4,Missed
2023,5,May,Q2,South,Telangana,Product B,FMCG,SP020,457000.0,424000.0,-33000.0,92.8,Missed
2023,5,May,Q2,South,Kerala,Product B,FMCG,SP023,376000.0,386500.0,10500.0,102.8,Achieved
2023,5,May,Q2,South,Karnataka,Product C,Pharma,SP002,1045000.0,1119900.0,74900.0,107.2,Achieved
2023,5,May,Q2,South,Tamil Nadu,Product C,Pharma,SP003,1132000.0,1111800.0,-20200.0,98.2,Missed
2023,5,May,Q2,South,Telangana,Product C,Pharma,SP005,856000.0,676600.0,-179400.0,79.0,Missed
2023,5,May,Q2,South,Kerala,Product C,Pharma,SP007,873000.0,887200.0,14200.0,101.6,Achieved
2023,5,May,Q2,South,Karnataka,Product D,Pharma,SP029,1168000.0,1332300.0,164300.0,114.1,Achieved
2023,5,May,Q2,South,Tamil Nadu,Product D,Pharma,SP022,1073000.0,1038900.0,-34100.0,96.8,Missed
2023,5,May,Q2,South,Telangana,Product D,Pharma,SP019,374000.0,238700.0,-135300.0,63.8,Missed
2023,5,May,Q2,South,Kerala,Product D,Pharma,SP001,501000.0,367100.0,-133900.0,73.3,Missed
2023,5,May,Q2,South,Karnataka,Product E,Industrial,SP026,746000.0,724200.0,-21800.0,97.1,Missed
2023,5,May,Q2,South,Tamil Nadu,Product E,Industrial,SP007,603000.0,527700.0,-75300.0,87.5,Missed
2023,5,May,Q2,South,Telangana,Product E,Industrial,SP022,1139000.0,1439200.0,300200.0,126.4,Achieved
2023,5,May,Q2,South,Kerala,Product E,Industrial,SP004,368000.0,312100.0,-55900.0,84.8,Missed
2023,5,May,Q2,East,West Bengal,Product A,FMCG,SP014,1373000.0,1216300.0,-156700.0,88.6,Missed
2023,5,May,Q2,East,Odisha,Product A,FMCG,SP029,705000.0,707400.0,2400.0,100.3,Achieved
2023,5,May,Q2,East,Bihar,Product A,FMCG,SP006,1383000.0,777200.0,-605800.0,56.2,Missed
2023,5,May,Q2,East,Jharkhand,Product A,FMCG,SP005,1359000.0,1431100.0,72100.0,105.3,Achieved
2023,5,May,Q2,East,West Bengal,Product B,FMCG,SP025,1202000.0,1060900.0,-141100.0,88.3,Missed
2023,5,May,Q2,East,Odisha,Product B,FMCG,SP010,570000.0,403700.0,-166300.0,70.8,Missed
2023,5,May,Q2,East,Bihar,Product B,FMCG,SP023,863000.0,740600.0,-122400.0,85.8,Missed
2023,5,May,Q2,East,Jharkhand,Product B,FMCG,SP004,733000.0,802900.0,69900.0,109.5,Achieved
2023,5,May,Q2,East,West Bengal,Product C,Pharma,SP027,579000.0,557600.0,-21400.0,96.3,Missed
2023,5,May,Q2,East,Odisha,Product C,Pharma,SP025,867000.0,441800.0,-425200.0,51.0,Missed
2023,5,May,Q2,East,Bihar,Product C,Pharma,SP013,1129000.0,1115600.0,-13400.0,98.8,Missed
2023,5,May,Q2,East,Jharkhand,Product C,Pharma,SP004,448000.0,391400.0,-56600.0,87.4,Missed
2023,5,May,Q2,East,West Bengal,Product D,Pharma,SP009,1000000.0,952100.0,-47900.0,95.2,Missed
2023,5,May,Q2,East,Odisha,Product D,Pharma,SP010,660000.0,480800.0,-179200.0,72.8,Missed
2023,5,May,Q2,East,Bihar,Product D,Pharma,SP028,1247000.0,1334200.0,87200.0,107.0,Achieved
2023,5,May,Q2,East,Jharkhand,Product D,Pharma,SP006,1278000.0,1364700.0,86700.0,106.8,Achieved
2023,5,May,Q2,East,West Bengal,Product E,Industrial,SP009,1247000.0,1174300.0,-72700.0,94.2,Missed
2023,5,May,Q2,East,Odisha,Product E,Industrial,SP004,395000.0,364200.0,-30800.0,92.2,Missed
2023,5,May,Q2,East,Bihar,Product E,Industrial,SP024,1096000.0,1194900.0,98900.0,109.0,Achieved
2023,5,May,Q2,East,Jharkhand,Product E,Industrial,SP027,438000.0,435200.0,-2800.0,99.4,Missed
2023,5,May,Q2,West,Maharashtra,Product A,FMCG,SP009,934000.0,823300.0,-110700.0,88.1,Missed
2023,5,May,Q2,West,Gujarat,Product A,FMCG,SP013,510000.0,455600.0,-54400.0,89.3,Missed
2023,5,May,Q2,West,Rajasthan,Product A,FMCG,SP029,710000.0,703700.0,-6300.0,99.1,Missed
2023,5,May,Q2,West,Goa,Product A,FMCG,SP020,948000.0,1134600.0,186600.0,119.7,Achieved
2023,5,May,Q2,West,Maharashtra,Product B,FMCG,SP007,1393000.0,1184900.0,-208100.0,85.1,Missed
2023,5,May,Q2,West,Gujarat,Product B,FMCG,SP028,1299000.0,1111500.0,-187500.0,85.6,Missed
2023,5,May,Q2,West,Rajasthan,Product B,FMCG,SP017,729000.0,759200.0,30200.0,104.1,Achieved
2023,5,May,Q2,West,Goa,Product B,FMCG,SP027,903000.0,760300.0,-142700.0,84.2,Missed
2023,5,May,Q2,West,Maharashtra,Product C,Pharma,SP009,967000.0,756100.0,-210900.0,78.2,Missed
2023,5,May,Q2,West,Gujarat,Product C,Pharma,SP009,1133000.0,864300.0,-268700.0,76.3,Missed
2023,5,May,Q2,West,Rajasthan,Product C,Pharma,SP006,917000.0,1044000.0,127000.0,113.9,Achieved
2023,5,May,Q2,West,Goa,Product C,Pharma,SP010,535000.0,424000.0,-111000.0,79.3,Missed
2023,5,May,Q2,West,Maharashtra,Product D,Pharma,SP007,757000.0,670800.0,-86200.0,88.6,Missed
2023,5,May,Q2,West,Gujarat,Product D,Pharma,SP017,510000.0,355700.0,-154300.0,69.7,Missed
2023,5,May,Q2,West,Rajasthan,Product D,Pharma,SP026,970000.0,881600.0,-88400.0,90.9,Missed
2023,5,May,Q2,West,Goa,Product D,Pharma,SP008,1107000.0,952200.0,-154800.0,86.0,Missed
2023,5,May,Q2,West,Maharashtra,Product E,Industrial,SP012,1092000.0,977200.0,-114800.0,89.5,Missed
2023,5,May,Q2,West,Gujarat,Product E,Industrial,SP017,439000.0,376200.0,-62800.0,85.7,Missed
2023,5,May,Q2,West,Rajasthan,Product E,Industrial,SP008,1036000.0,959100.0,-76900.0,92.6,Missed
2023,5,May,Q2,West,Goa,Product E,Industrial,SP014,1313000.0,1172700.0,-140300.0,89.3,Missed
2023,5,May,Q2,Central,MP,Product A,FMCG,SP005,1057000.0,940300.0,-116700.0,89.0,Missed
2023,5,May,Q2,Central,Chhattisgarh,Product A,FMCG,SP001,767000.0,625900.0,-141100.0,81.6,Missed
2023,5,May,Q2,Central,Uttarakhand,Product A,FMCG,SP024,1318000.0,1079700.0,-238300.0,81.9,Missed
2023,5,May,Q2,Central,MP,Product B,FMCG,SP024,843000.0,883600.0,40600.0,104.8,Achieved
2023,5,May,Q2,Central,Chhattisgarh,Product B,FMCG,SP019,1328000.0,1197000.0,-131000.0,90.1,Missed
2023,5,May,Q2,Central,Uttarakhand,Product B,FMCG,SP003,365000.0,401100.0,36100.0,109.9,Achieved
2023,5,May,Q2,Central,MP,Product C,Pharma,SP014,461000.0,394900.0,-66100.0,85.7,Missed
2023,5,May,Q2,Central,Chhattisgarh,Product C,Pharma,SP014,915000.0,764700.0,-150300.0,83.6,Missed
2023,5,May,Q2,Central,Uttarakhand,Product C,Pharma,SP004,455000.0,491200.0,36200.0,108.0,Achieved
2023,5,May,Q2,Central,MP,Product D,Pharma,SP001,592000.0,532100.0,-59900.0,89.9,Missed
2023,5,May,Q2,Central,Chhattisgarh,Product D,Pharma,SP028,460000.0,403200.0,-56800.0,87.7,Missed
2023,5,May,Q2,Central,Uttarakhand,Product D,Pharma,SP025,649000.0,563400.0,-85600.0,86.8,Missed
2023,5,May,Q2,Central,MP,Product E,Industrial,SP010,588000.0,664500.0,76500.0,113.0,Achieved
2023,5,May,Q2,Central,Chhattisgarh,Product E,Industrial,SP004,532000.0,494000.0,-38000.0,92.9,Missed
2023,5,May,Q2,Central,Uttarakhand,Product E,Industrial,SP024,669000.0,680900.0,11900.0,101.8,Achieved
2023,6,June,Q2,North,Delhi,Product A,FMCG,SP023,751000.0,814800.0,63800.0,108.5,Achieved
2023,6,June,Q2,North,Punjab,Product A,FMCG,SP006,1400000.0,1379900.0,-20100.0,98.6,Missed
2023,6,June,Q2,North,Haryana,Product A,FMCG,SP018,1211000.0,923400.0,-287600.0,76.2,Missed
2023,6,June,Q2,North,UP,Product A,FMCG,SP021,599000.0,585700.0,-13300.0,97.8,Missed
2023,6,June,Q2,North,Delhi,Product B,FMCG,SP003,1136000.0,1267700.0,131700.0,111.6,Achieved
2023,6,June,Q2,North,Punjab,Product B,FMCG,SP004,767000.0,806900.0,39900.0,105.2,Achieved
2023,6,June,Q2,North,Haryana,Product B,FMCG,SP001,1414000.0,1351300.0,-62700.0,95.6,Missed
2023,6,June,Q2,North,UP,Product B,FMCG,SP007,735000.0,620700.0,-114300.0,84.4,Missed
2023,6,June,Q2,North,Delhi,Product C,Pharma,SP013,781000.0,827000.0,46000.0,105.9,Achieved
2023,6,June,Q2,North,Punjab,Product C,Pharma,SP017,414000.0,267100.0,-146900.0,64.5,Missed
2023,6,June,Q2,North,Haryana,Product C,Pharma,SP015,1176000.0,1274700.0,98700.0,108.4,Achieved
2023,6,June,Q2,North,UP,Product C,Pharma,SP009,963000.0,1071300.0,108300.0,111.3,Achieved
2023,6,June,Q2,North,Delhi,Product D,Pharma,SP018,1136000.0,898600.0,-237400.0,79.1,Missed
2023,6,June,Q2,North,Punjab,Product D,Pharma,SP012,635000.0,594600.0,-40400.0,93.6,Missed
2023,6,June,Q2,North,Haryana,Product D,Pharma,SP012,524000.0,342700.0,-181300.0,65.4,Missed
2023,6,June,Q2,North,UP,Product D,Pharma,SP002,1245000.0,1136400.0,-108600.0,91.3,Missed
2023,6,June,Q2,North,Delhi,Product E,Industrial,SP011,1235000.0,1026600.0,-208400.0,83.1,Missed
2023,6,June,Q2,North,Punjab,Product E,Industrial,SP030,1056000.0,764000.0,-292000.0,72.3,Missed
2023,6,June,Q2,North,Haryana,Product E,Industrial,SP022,651000.0,625200.0,-25800.0,96.0,Missed
2023,6,June,Q2,North,UP,Product E,Industrial,SP028,623000.0,727300.0,104300.0,116.7,Achieved
2023,6,June,Q2,South,Karnataka,Product A,FMCG,SP026,1366000.0,1453300.0,87300.0,106.4,Achieved
2023,6,June,Q2,South,Tamil Nadu,Product A,FMCG,SP021,1018000.0,875400.0,-142600.0,86.0,Missed
2023,6,June,Q2,South,Telangana,Product A,FMCG,SP020,894000.0,1019700.0,125700.0,114.1,Achieved
2023,6,June,Q2,South,Kerala,Product A,FMCG,SP023,959000.0,1016900.0,57900.0,106.0,Achieved
2023,6,June,Q2,South,Karnataka,Product B,FMCG,SP006,1120000.0,1375100.0,255100.0,122.8,Achieved
2023,6,June,Q2,South,Tamil Nadu,Product B,FMCG,SP012,1061000.0,933900.0,-127100.0,88.0,Missed
2023,6,June,Q2,South,Telangana,Product B,FMCG,SP006,1277000.0,1361200.0,84200.0,106.6,Achieved
2023,6,June,Q2,South,Kerala,Product B,FMCG,SP017,1423000.0,1719900.0,296900.0,120.9,Achieved
2023,6,June,Q2,South,Karnataka,Product C,Pharma,SP026,1032000.0,657600.0,-374400.0,63.7,Missed
2023,6,June,Q2,South,Tamil Nadu,Product C,Pharma,SP010,386000.0,399600.0,13600.0,103.5,Achieved
2023,6,June,Q2,South,Telangana,Product C,Pharma,SP001,1122000.0,851900.0,-270100.0,75.9,Missed
2023,6,June,Q2,South,Kerala,Product C,Pharma,SP019,793000.0,656400.0,-136600.0,82.8,Missed
2023,6,June,Q2,South,Karnataka,Product D,Pharma,SP005,521000.0,486000.0,-35000.0,93.3,Missed
2023,6,June,Q2,South,Tamil Nadu,Product D,Pharma,SP014,418000.0,406400.0,-11600.0,97.2,Missed
2023,6,June,Q2,South,Telangana,Product D,Pharma,SP003,1032000.0,1218700.0,186700.0,118.1,Achieved
2023,6,June,Q2,South,Kerala,Product D,Pharma,SP011,1208000.0,1149200.0,-58800.0,95.1,Missed
2023,6,June,Q2,South,Karnataka,Product E,Industrial,SP018,729000.0,672200.0,-56800.0,92.2,Missed
2023,6,June,Q2,South,Tamil Nadu,Product E,Industrial,SP027,817000.0,674000.0,-143000.0,82.5,Missed
2023,6,June,Q2,South,Telangana,Product E,Industrial,SP006,1057000.0,805700.0,-251300.0,76.2,Missed
2023,6,June,Q2,South,Kerala,Product E,Industrial,SP011,1232000.0,921800.0,-310200.0,74.8,Missed
2023,6,June,Q2,East,West Bengal,Product A,FMCG,SP025,1227000.0,1288200.0,61200.0,105.0,Achieved
2023,6,June,Q2,East,Odisha,Product A,FMCG,SP004,1274000.0,1008800.0,-265200.0,79.2,Missed
2023,6,June,Q2,East,Bihar,Product A,FMCG,SP018,732000.0,853100.0,121100.0,116.5,Achieved
2023,6,June,Q2,East,Jharkhand,Product A,FMCG,SP002,1200000.0,1221000.0,21000.0,101.8,Achieved
2023,6,June,Q2,East,West Bengal,Product B,FMCG,SP030,792000.0,882800.0,90800.0,111.5,Achieved
2023,6,June,Q2,East,Odisha,Product B,FMCG,SP014,610000.0,546500.0,-63500.0,89.6,Missed
2023,6,June,Q2,East,Bihar,Product B,FMCG,SP021,558000.0,640600.0,82600.0,114.8,Achieved
2023,6,June,Q2,East,Jharkhand,Product B,FMCG,SP002,581000.0,505600.0,-75400.0,87.0,Missed
2023,6,June,Q2,East,West Bengal,Product C,Pharma,SP021,476000.0,438800.0,-37200.0,92.2,Missed
2023,6,June,Q2,East,Odisha,Product C,Pharma,SP016,852000.0,599500.0,-252500.0,70.4,Missed
2023,6,June,Q2,East,Bihar,Product C,Pharma,SP014,1045000.0,747200.0,-297800.0,71.5,Missed
2023,6,June,Q2,East,Jharkhand,Product C,Pharma,SP018,837000.0,691500.0,-145500.0,82.6,Missed
2023,6,June,Q2,East,West Bengal,Product D,Pharma,SP012,1105000.0,1089200.0,-15800.0,98.6,Missed
2023,6,June,Q2,East,Odisha,Product D,Pharma,SP021,1408000.0,1375900.0,-32100.0,97.7,Missed
2023,6,June,Q2,East,Bihar,Product D,Pharma,SP030,835000.0,864900.0,29900.0,103.6,Achieved
2023,6,June,Q2,East,Jharkhand,Product D,Pharma,SP009,492000.0,472700.0,-19300.0,96.1,Missed
2023,6,June,Q2,East,West Bengal,Product E,Industrial,SP030,616000.0,417100.0,-198900.0,67.7,Missed
2023,6,June,Q2,East,Odisha,Product E,Industrial,SP025,803000.0,674900.0,-128100.0,84.0,Missed
2023,6,June,Q2,East,Bihar,Product E,Industrial,SP005,439000.0,374900.0,-64100.0,85.4,Missed
2023,6,June,Q2,East,Jharkhand,Product E,Industrial,SP009,1217000.0,1205800.0,-11200.0,99.1,Missed
2023,6,June,Q2,West,Maharashtra,Product A,FMCG,SP004,366000.0,381600.0,15600.0,104.3,Achieved
2023,6,June,Q2,West,Gujarat,Product A,FMCG,SP012,851000.0,689900.0,-161100.0,81.1,Missed
2023,6,June,Q2,West,Rajasthan,Product A,FMCG,SP011,1107000.0,772200.0,-334800.0,69.8,Missed
2023,6,June,Q2,West,Goa,Product A,FMCG,SP008,1107000.0,1095000.0,-12000.0,98.9,Missed
2023,6,June,Q2,West,Maharashtra,Product B,FMCG,SP004,1121000.0,1262800.0,141800.0,112.6,Achieved
2023,6,June,Q2,West,Gujarat,Product B,FMCG,SP022,724000.0,817000.0,93000.0,112.8,Achieved
2023,6,June,Q2,West,Rajasthan,Product B,FMCG,SP030,707000.0,614900.0,-92100.0,87.0,Missed
2023,6,June,Q2,West,Goa,Product B,FMCG,SP014,522000.0,465500.0,-56500.0,89.2,Missed
2023,6,June,Q2,West,Maharashtra,Product C,Pharma,SP005,1199000.0,993700.0,-205300.0,82.9,Missed
2023,6,June,Q2,West,Gujarat,Product C,Pharma,SP029,1419000.0,1571500.0,152500.0,110.7,Achieved
2023,6,June,Q2,West,Rajasthan,Product C,Pharma,SP005,721000.0,646800.0,-74200.0,89.7,Missed
2023,6,June,Q2,West,Goa,Product C,Pharma,SP023,1192000.0,1223000.0,31000.0,102.6,Achieved
2023,6,June,Q2,West,Maharashtra,Product D,Pharma,SP026,1326000.0,1227300.0,-98700.0,92.6,Missed
2023,6,June,Q2,West,Gujarat,Product D,Pharma,SP028,394000.0,417100.0,23100.0,105.9,Achieved
2023,6,June,Q2,West,Rajasthan,Product D,Pharma,SP018,999000.0,1169700.0,170700.0,117.1,Achieved
2023,6,June,Q2,West,Goa,Product D,Pharma,SP018,690000.0,618500.0,-71500.0,89.6,Missed
2023,6,June,Q2,West,Maharashtra,Product E,Industrial,SP005,671000.0,643700.0,-27300.0,95.9,Missed
2023,6,June,Q2,West,Gujarat,Product E,Industrial,SP014,1019000.0,933800.0,-85200.0,91.6,Missed
2023,6,June,Q2,West,Rajasthan,Product E,Industrial,SP018,521000.0,466700.0,-54300.0,89.6,Missed
2023,6,June,Q2,West,Goa,Product E,Industrial,SP009,742000.0,606000.0,-136000.0,81.7,Missed
2023,6,June,Q2,Central,MP,Product A,FMCG,SP014,1294000.0,948700.0,-345300.0,73.3,Missed
2023,6,June,Q2,Central,Chhattisgarh,Product A,FMCG,SP013,476000.0,259700.0,-216300.0,54.6,Missed
2023,6,June,Q2,Central,Uttarakhand,Product A,FMCG,SP027,795000.0,731900.0,-63100.0,92.1,Missed
2023,6,June,Q2,Central,MP,Product B,FMCG,SP001,979000.0,879400.0,-99600.0,89.8,Missed
2023,6,June,Q2,Central,Chhattisgarh,Product B,FMCG,SP008,962000.0,999400.0,37400.0,103.9,Achieved
2023,6,June,Q2,Central,Uttarakhand,Product B,FMCG,SP021,443000.0,387500.0,-55500.0,87.5,Missed
2023,6,June,Q2,Central,MP,Product C,Pharma,SP016,739000.0,484600.0,-254400.0,65.6,Missed
2023,6,June,Q2,Central,Chhattisgarh,Product C,Pharma,SP008,1341000.0,1368300.0,27300.0,102.0,Achieved
2023,6,June,Q2,Central,Uttarakhand,Product C,Pharma,SP017,408000.0,519400.0,111400.0,127.3,Achieved
2023,6,June,Q2,Central,MP,Product D,Pharma,SP005,931000.0,798100.0,-132900.0,85.7,Missed
2023,6,June,Q2,Central,Chhattisgarh,Product D,Pharma,SP026,1357000.0,1410500.0,53500.0,103.9,Achieved
2023,6,June,Q2,Central,Uttarakhand,Product D,Pharma,SP003,807000.0,876600.0,69600.0,108.6,Achieved
2023,6,June,Q2,Central,MP,Product E,Industrial,SP018,522000.0,395600.0,-126400.0,75.8,Missed
2023,6,June,Q2,Central,Chhattisgarh,Product E,Industrial,SP021,807000.0,626900.0,-180100.0,77.7,Missed
2023,6,June,Q2,Central,Uttarakhand,Product E,Industrial,SP025,1292000.0,1291500.0,-500.0,100.0,Missed
2023,7,July,Q3,North,Delhi,Product A,FMCG,SP018,401000.0,326600.0,-74400.0,81.4,Missed
2023,7,July,Q3,North,Punjab,Product A,FMCG,SP003,370000.0,262500.0,-107500.0,70.9,Missed
2023,7,July,Q3,North,Haryana,Product A,FMCG,SP027,618000.0,594900.0,-23100.0,96.3,Missed
2023,7,July,Q3,North,UP,Product A,FMCG,SP024,1256000.0,1581500.0,325500.0,125.9,Achieved
2023,7,July,Q3,North,Delhi,Product B,FMCG,SP030,371000.0,253000.0,-118000.0,68.2,Missed
2023,7,July,Q3,North,Punjab,Product B,FMCG,SP015,601000.0,472700.0,-128300.0,78.7,Missed
2023,7,July,Q3,North,Haryana,Product B,FMCG,SP021,997000.0,985000.0,-12000.0,98.8,Missed
2023,7,July,Q3,North,UP,Product B,FMCG,SP025,916000.0,754200.0,-161800.0,82.3,Missed
2023,7,July,Q3,North,Delhi,Product C,Pharma,SP016,1134000.0,964000.0,-170000.0,85.0,Missed
2023,7,July,Q3,North,Punjab,Product C,Pharma,SP023,356000.0,312700.0,-43300.0,87.8,Missed
2023,7,July,Q3,North,Haryana,Product C,Pharma,SP007,1248000.0,1063600.0,-184400.0,85.2,Missed
2023,7,July,Q3,North,UP,Product C,Pharma,SP002,1099000.0,964300.0,-134700.0,87.7,Missed
2023,7,July,Q3,North,Delhi,Product D,Pharma,SP008,543000.0,447600.0,-95400.0,82.4,Missed
2023,7,July,Q3,North,Punjab,Product D,Pharma,SP021,883000.0,914700.0,31700.0,103.6,Achieved
2023,7,July,Q3,North,Haryana,Product D,Pharma,SP006,506000.0,431900.0,-74100.0,85.3,Missed
2023,7,July,Q3,North,UP,Product D,Pharma,SP028,1345000.0,1094300.0,-250700.0,81.4,Missed
2023,7,July,Q3,North,Delhi,Product E,Industrial,SP018,915000.0,866500.0,-48500.0,94.7,Missed
2023,7,July,Q3,North,Punjab,Product E,Industrial,SP010,1378000.0,1408800.0,30800.0,102.2,Achieved
2023,7,July,Q3,North,Haryana,Product E,Industrial,SP020,378000.0,365800.0,-12200.0,96.8,Missed
2023,7,July,Q3,North,UP,Product E,Industrial,SP025,1375000.0,1363500.0,-11500.0,99.2,Missed
2023,7,July,Q3,South,Karnataka,Product A,FMCG,SP024,1356000.0,1500200.0,144200.0,110.6,Achieved
2023,7,July,Q3,South,Tamil Nadu,Product A,FMCG,SP002,723000.0,441200.0,-281800.0,61.0,Missed
2023,7,July,Q3,South,Telangana,Product A,FMCG,SP002,1121000.0,822500.0,-298500.0,73.4,Missed
2023,7,July,Q3,South,Kerala,Product A,FMCG,SP002,1197000.0,924600.0,-272400.0,77.2,Missed
2023,7,July,Q3,South,Karnataka,Product B,FMCG,SP008,1053000.0,763500.0,-289500.0,72.5,Missed
2023,7,July,Q3,South,Tamil Nadu,Product B,FMCG,SP013,1396000.0,1304400.0,-91600.0,93.4,Missed
2023,7,July,Q3,South,Telangana,Product B,FMCG,SP012,1287000.0,1189700.0,-97300.0,92.4,Missed
2023,7,July,Q3,South,Kerala,Product B,FMCG,SP016,1292000.0,1411600.0,119600.0,109.3,Achieved
2023,7,July,Q3,South,Karnataka,Product C,Pharma,SP005,702000.0,627100.0,-74900.0,89.3,Missed
2023,7,July,Q3,South,Tamil Nadu,Product C,Pharma,SP019,781000.0,576100.0,-204900.0,73.8,Missed
2023,7,July,Q3,South,Telangana,Product C,Pharma,SP023,536000.0,611700.0,75700.0,114.1,Achieved
2023,7,July,Q3,South,Kerala,Product C,Pharma,SP023,391000.0,432100.0,41100.0,110.5,Achieved
2023,7,July,Q3,South,Karnataka,Product D,Pharma,SP026,758000.0,731000.0,-27000.0,96.4,Missed
2023,7,July,Q3,South,Tamil Nadu,Product D,Pharma,SP019,1365000.0,1638600.0,273600.0,120.0,Achieved
2023,7,July,Q3,South,Telangana,Product D,Pharma,SP012,1012000.0,1375300.0,363300.0,135.9,Achieved
2023,7,July,Q3,South,Kerala,Product D,Pharma,SP027,599000.0,500200.0,-98800.0,83.5,Missed
2023,7,July,Q3,South,Karnataka,Product E,Industrial,SP022,862000.0,716100.0,-145900.0,83.1,Missed
2023,7,July,Q3,South,Tamil Nadu,Product E,Industrial,SP022,677000.0,712900.0,35900.0,105.3,Achieved
2023,7,July,Q3,South,Telangana,Product E,Industrial,SP006,982000.0,861100.0,-120900.0,87.7,Missed
2023,7,July,Q3,South,Kerala,Product E,Industrial,SP009,941000.0,989500.0,48500.0,105.2,Achieved
2023,7,July,Q3,East,West Bengal,Product A,FMCG,SP027,450000.0,471000.0,21000.0,104.7,Achieved
2023,7,July,Q3,East,Odisha,Product A,FMCG,SP013,1222000.0,1031900.0,-190100.0,84.4,Missed
2023,7,July,Q3,East,Bihar,Product A,FMCG,SP014,1238000.0,1347200.0,109200.0,108.8,Achieved
2023,7,July,Q3,East,Jharkhand,Product A,FMCG,SP009,1097000.0,1149000.0,52000.0,104.7,Achieved
2023,7,July,Q3,East,West Bengal,Product B,FMCG,SP010,942000.0,832600.0,-109400.0,88.4,Missed
2023,7,July,Q3,East,Odisha,Product B,FMCG,SP001,1037000.0,1140000.0,103000.0,109.9,Achieved
2023,7,July,Q3,East,Bihar,Product B,FMCG,SP006,1300000.0,1810700.0,510700.0,139.3,Achieved
2023,7,July,Q3,East,Jharkhand,Product B,FMCG,SP001,1216000.0,1269100.0,53100.0,104.4,Achieved
2023,7,July,Q3,East,West Bengal,Product C,Pharma,SP009,637000.0,456800.0,-180200.0,71.7,Missed
2023,7,July,Q3,East,Odisha,Product C,Pharma,SP006,1182000.0,1044300.0,-137700.0,88.3,Missed
2023,7,July,Q3,East,Bihar,Product C,Pharma,SP029,1228000.0,1055400.0,-172600.0,85.9,Missed
2023,7,July,Q3,East,Jharkhand,Product C,Pharma,SP027,374000.0,302900.0,-71100.0,81.0,Missed
2023,7,July,Q3,East,West Bengal,Product D,Pharma,SP006,1002000.0,1016300.0,14300.0,101.4,Achieved
2023,7,July,Q3,East,Odisha,Product D,Pharma,SP028,626000.0,762400.0,136400.0,121.8,Achieved
2023,7,July,Q3,East,Bihar,Product D,Pharma,SP010,667000.0,639900.0,-27100.0,95.9,Missed
2023,7,July,Q3,East,Jharkhand,Product D,Pharma,SP011,836000.0,649100.0,-186900.0,77.6,Missed
2023,7,July,Q3,East,West Bengal,Product E,Industrial,SP012,845000.0,849700.0,4700.0,100.6,Achieved
2023,7,July,Q3,East,Odisha,Product E,Industrial,SP006,678000.0,505200.0,-172800.0,74.5,Missed
2023,7,July,Q3,East,Bihar,Product E,Industrial,SP012,1315000.0,1392900.0,77900.0,105.9,Achieved
2023,7,July,Q3,East,Jharkhand,Product E,Industrial,SP006,359000.0,344600.0,-14400.0,96.0,Missed
2023,7,July,Q3,West,Maharashtra,Product A,FMCG,SP005,1025000.0,865600.0,-159400.0,84.4,Missed
2023,7,July,Q3,West,Gujarat,Product A,FMCG,SP015,924000.0,745800.0,-178200.0,80.7,Missed
2023,7,July,Q3,West,Rajasthan,Product A,FMCG,SP009,1257000.0,1242400.0,-14600.0,98.8,Missed
2023,7,July,Q3,West,Goa,Product A,FMCG,SP027,944000.0,1039800.0,95800.0,110.2,Achieved
2023,7,July,Q3,West,Maharashtra,Product B,FMCG,SP021,744000.0,839700.0,95700.0,112.9,Achieved
2023,7,July,Q3,West,Gujarat,Product B,FMCG,SP024,1129000.0,1069100.0,-59900.0,94.7,Missed
2023,7,July,Q3,West,Rajasthan,Product B,FMCG,SP006,755000.0,731300.0,-23700.0,96.9,Missed
2023,7,July,Q3,West,Goa,Product B,FMCG,SP019,526000.0,470300.0,-55700.0,89.4,Missed
2023,7,July,Q3,West,Maharashtra,Product C,Pharma,SP023,1111000.0,869300.0,-241700.0,78.2,Missed
2023,7,July,Q3,West,Gujarat,Product C,Pharma,SP002,971000.0,776800.0,-194200.0,80.0,Missed
2023,7,July,Q3,West,Rajasthan,Product C,Pharma,SP013,1034000.0,1166500.0,132500.0,112.8,Achieved
2023,7,July,Q3,West,Goa,Product C,Pharma,SP022,1075000.0,877000.0,-198000.0,81.6,Missed
2023,7,July,Q3,West,Maharashtra,Product D,Pharma,SP005,1331000.0,1535300.0,204300.0,115.3,Achieved
2023,7,July,Q3,West,Gujarat,Product D,Pharma,SP015,613000.0,510600.0,-102400.0,83.3,Missed
2023,7,July,Q3,West,Rajasthan,Product D,Pharma,SP017,497000.0,335200.0,-161800.0,67.5,Missed
2023,7,July,Q3,West,Goa,Product D,Pharma,SP026,1198000.0,998500.0,-199500.0,83.3,Missed
2023,7,July,Q3,West,Maharashtra,Product E,Industrial,SP013,758000.0,734600.0,-23400.0,96.9,Missed
2023,7,July,Q3,West,Gujarat,Product E,Industrial,SP025,873000.0,781400.0,-91600.0,89.5,Missed
2023,7,July,Q3,West,Rajasthan,Product E,Industrial,SP018,741000.0,740900.0,-100.0,100.0,Missed
2023,7,July,Q3,West,Goa,Product E,Industrial,SP011,617000.0,770000.0,153000.0,124.8,Achieved
2023,7,July,Q3,Central,MP,Product A,FMCG,SP023,431000.0,416500.0,-14500.0,96.6,Missed
2023,7,July,Q3,Central,Chhattisgarh,Product A,FMCG,SP003,627000.0,575900.0,-51100.0,91.9,Missed
2023,7,July,Q3,Central,Uttarakhand,Product A,FMCG,SP021,1286000.0,1088000.0,-198000.0,84.6,Missed
2023,7,July,Q3,Central,MP,Product B,FMCG,SP008,1330000.0,1179100.0,-150900.0,88.7,Missed
2023,7,July,Q3,Central,Chhattisgarh,Product B,FMCG,SP013,545000.0,635800.0,90800.0,116.7,Achieved
2023,7,July,Q3,Central,Uttarakhand,Product B,FMCG,SP008,1228000.0,1344800.0,116800.0,109.5,Achieved
2023,7,July,Q3,Central,MP,Product C,Pharma,SP014,635000.0,742200.0,107200.0,116.9,Achieved
2023,7,July,Q3,Central,Chhattisgarh,Product C,Pharma,SP011,451000.0,432100.0,-18900.0,95.8,Missed
2023,7,July,Q3,Central,Uttarakhand,Product C,Pharma,SP006,425000.0,352000.0,-73000.0,82.8,Missed
2023,7,July,Q3,Central,MP,Product D,Pharma,SP024,421000.0,392300.0,-28700.0,93.2,Missed
2023,7,July,Q3,Central,Chhattisgarh,Product D,Pharma,SP003,1128000.0,999600.0,-128400.0,88.6,Missed
2023,7,July,Q3,Central,Uttarakhand,Product D,Pharma,SP016,819000.0,930600.0,111600.0,113.6,Achieved
2023,7,July,Q3,Central,MP,Product E,Industrial,SP007,1249000.0,1293500.0,44500.0,103.6,Achieved
2023,7,July,Q3,Central,Chhattisgarh,Product E,Industrial,SP009,890000.0,572600.0,-317400.0,64.3,Missed
2023,7,July,Q3,Central,Uttarakhand,Product E,Industrial,SP011,974000.0,726900.0,-247100.0,74.6,Missed
2023,8,August,Q3,North,Delhi,Product A,FMCG,SP001,540000.0,475100.0,-64900.0,88.0,Missed
2023,8,August,Q3,North,Punjab,Product A,FMCG,SP021,972000.0,1146200.0,174200.0,117.9,Achieved
2023,8,August,Q3,North,Haryana,Product A,FMCG,SP021,824000.0,675700.0,-148300.0,82.0,Missed
2023,8,August,Q3,North,UP,Product A,FMCG,SP020,1073000.0,1016000.0,-57000.0,94.7,Missed
2023,8,August,Q3,North,Delhi,Product B,FMCG,SP014,698000.0,685600.0,-12400.0,98.2,Missed
2023,8,August,Q3,North,Punjab,Product B,FMCG,SP009,1180000.0,1181800.0,1800.0,100.2,Achieved
2023,8,August,Q3,North,Haryana,Product B,FMCG,SP006,1049000.0,1062400.0,13400.0,101.3,Achieved
2023,8,August,Q3,North,UP,Product B,FMCG,SP030,495000.0,414600.0,-80400.0,83.8,Missed
2023,8,August,Q3,North,Delhi,Product C,Pharma,SP016,986000.0,1052200.0,66200.0,106.7,Achieved
2023,8,August,Q3,North,Punjab,Product C,Pharma,SP012,1127000.0,930000.0,-197000.0,82.5,Missed
2023,8,August,Q3,North,Haryana,Product C,Pharma,SP027,487000.0,515700.0,28700.0,105.9,Achieved
2023,8,August,Q3,North,UP,Product C,Pharma,SP016,842000.0,730800.0,-111200.0,86.8,Missed
2023,8,August,Q3,North,Delhi,Product D,Pharma,SP015,541000.0,461400.0,-79600.0,85.3,Missed
2023,8,August,Q3,North,Punjab,Product D,Pharma,SP015,1122000.0,1021200.0,-100800.0,91.0,Missed
2023,8,August,Q3,North,Haryana,Product D,Pharma,SP017,892000.0,710800.0,-181200.0,79.7,Missed
2023,8,August,Q3,North,UP,Product D,Pharma,SP020,1017000.0,1001700.0,-15300.0,98.5,Missed
2023,8,August,Q3,North,Delhi,Product E,Industrial,SP010,948000.0,1164400.0,216400.0,122.8,Achieved
2023,8,August,Q3,North,Punjab,Product E,Industrial,SP015,1039000.0,611600.0,-427400.0,58.9,Missed
2023,8,August,Q3,North,Haryana,Product E,Industrial,SP015,1229000.0,1198600.0,-30400.0,97.5,Missed
2023,8,August,Q3,North,UP,Product E,Industrial,SP004,888000.0,503600.0,-384400.0,56.7,Missed
2023,8,August,Q3,South,Karnataka,Product A,FMCG,SP002,1109000.0,1089200.0,-19800.0,98.2,Missed
2023,8,August,Q3,South,Tamil Nadu,Product A,FMCG,SP015,552000.0,334200.0,-217800.0,60.5,Missed
2023,8,August,Q3,South,Telangana,Product A,FMCG,SP004,728000.0,595000.0,-133000.0,81.7,Missed
2023,8,August,Q3,South,Kerala,Product A,FMCG,SP016,343000.0,324200.0,-18800.0,94.5,Missed
2023,8,August,Q3,South,Karnataka,Product B,FMCG,SP013,833000.0,596400.0,-236600.0,71.6,Missed
2023,8,August,Q3,South,Tamil Nadu,Product B,FMCG,SP029,693000.0,650400.0,-42600.0,93.9,Missed
2023,8,August,Q3,South,Telangana,Product B,FMCG,SP027,399000.0,405700.0,6700.0,101.7,Achieved
2023,8,August,Q3,South,Kerala,Product B,FMCG,SP024,555000.0,576200.0,21200.0,103.8,Achieved
2023,8,August,Q3,South,Karnataka,Product C,Pharma,SP005,1234000.0,890800.0,-343200.0,72.2,Missed
2023,8,August,Q3,South,Tamil Nadu,Product C,Pharma,SP004,962000.0,996300.0,34300.0,103.6,Achieved
2023,8,August,Q3,South,Telangana,Product C,Pharma,SP014,954000.0,801900.0,-152100.0,84.1,Missed
2023,8,August,Q3,South,Kerala,Product C,Pharma,SP030,1200000.0,1199600.0,-400.0,100.0,Missed
2023,8,August,Q3,South,Karnataka,Product D,Pharma,SP028,330000.0,358400.0,28400.0,108.6,Achieved
2023,8,August,Q3,South,Tamil Nadu,Product D,Pharma,SP004,476000.0,398800.0,-77200.0,83.8,Missed
2023,8,August,Q3,South,Telangana,Product D,Pharma,SP019,1189000.0,1175500.0,-13500.0,98.9,Missed
2023,8,August,Q3,South,Kerala,Product D,Pharma,SP007,484000.0,391700.0,-92300.0,80.9,Missed
2023,8,August,Q3,South,Karnataka,Product E,Industrial,SP008,1220000.0,913500.0,-306500.0,74.9,Missed
2023,8,August,Q3,South,Tamil Nadu,Product E,Industrial,SP025,623000.0,682100.0,59100.0,109.5,Achieved
2023,8,August,Q3,South,Telangana,Product E,Industrial,SP001,729000.0,518900.0,-210100.0,71.2,Missed
2023,8,August,Q3,South,Kerala,Product E,Industrial,SP023,399000.0,436800.0,37800.0,109.5,Achieved
2023,8,August,Q3,East,West Bengal,Product A,FMCG,SP002,1215000.0,1300800.0,85800.0,107.1,Achieved
2023,8,August,Q3,East,Odisha,Product A,FMCG,SP007,375000.0,274600.0,-100400.0,73.2,Missed
2023,8,August,Q3,East,Bihar,Product A,FMCG,SP007,583000.0,493000.0,-90000.0,84.6,Missed
2023,8,August,Q3,East,Jharkhand,Product A,FMCG,SP020,568000.0,518000.0,-50000.0,91.2,Missed
2023,8,August,Q3,East,West Bengal,Product B,FMCG,SP007,926000.0,672800.0,-253200.0,72.7,Missed
2023,8,August,Q3,East,Odisha,Product B,FMCG,SP025,337000.0,310200.0,-26800.0,92.1,Missed
2023,8,August,Q3,East,Bihar,Product B,FMCG,SP006,862000.0,718500.0,-143500.0,83.3,Missed
2023,8,August,Q3,East,Jharkhand,Product B,FMCG,SP009,879000.0,771100.0,-107900.0,87.7,Missed
2023,8,August,Q3,East,West Bengal,Product C,Pharma,SP012,1286000.0,928000.0,-358000.0,72.2,Missed
2023,8,August,Q3,East,Odisha,Product C,Pharma,SP012,730000.0,551200.0,-178800.0,75.5,Missed
2023,8,August,Q3,East,Bihar,Product C,Pharma,SP030,719000.0,634600.0,-84400.0,88.3,Missed
2023,8,August,Q3,East,Jharkhand,Product C,Pharma,SP008,667000.0,654500.0,-12500.0,98.1,Missed
2023,8,August,Q3,East,West Bengal,Product D,Pharma,SP001,1075000.0,1117300.0,42300.0,103.9,Achieved
2023,8,August,Q3,East,Odisha,Product D,Pharma,SP015,451000.0,284200.0,-166800.0,63.0,Missed
2023,8,August,Q3,East,Bihar,Product D,Pharma,SP006,1001000.0,867200.0,-133800.0,86.6,Missed
2023,8,August,Q3,East,Jharkhand,Product D,Pharma,SP002,1278000.0,1571000.0,293000.0,122.9,Achieved
2023,8,August,Q3,East,West Bengal,Product E,Industrial,SP028,576000.0,552500.0,-23500.0,95.9,Missed
2023,8,August,Q3,East,Odisha,Product E,Industrial,SP026,791000.0,555100.0,-235900.0,70.2,Missed
2023,8,August,Q3,East,Bihar,Product E,Industrial,SP030,1249000.0,1014600.0,-234400.0,81.2,Missed
2023,8,August,Q3,East,Jharkhand,Product E,Industrial,SP010,1220000.0,1172900.0,-47100.0,96.1,Missed
2023,8,August,Q3,West,Maharashtra,Product A,FMCG,SP027,1296000.0,1365500.0,69500.0,105.4,Achieved
2023,8,August,Q3,West,Gujarat,Product A,FMCG,SP012,722000.0,792100.0,70100.0,109.7,Achieved
2023,8,August,Q3,West,Rajasthan,Product A,FMCG,SP006,1146000.0,1372800.0,226800.0,119.8,Achieved
2023,8,August,Q3,West,Goa,Product A,FMCG,SP022,873000.0,859700.0,-13300.0,98.5,Missed
2023,8,August,Q3,West,Maharashtra,Product B,FMCG,SP011,1084000.0,1122400.0,38400.0,103.5,Achieved
2023,8,August,Q3,West,Gujarat,Product B,FMCG,SP010,1238000.0,1461100.0,223100.0,118.0,Achieved
2023,8,August,Q3,West,Rajasthan,Product B,FMCG,SP021,884000.0,1087800.0,203800.0,123.0,Achieved
2023,8,August,Q3,West,Goa,Product B,FMCG,SP021,900000.0,826000.0,-74000.0,91.8,Missed
2023,8,August,Q3,West,Maharashtra,Product C,Pharma,SP001,872000.0,835300.0,-36700.0,95.8,Missed
2023,8,August,Q3,West,Gujarat,Product C,Pharma,SP001,624000.0,743300.0,119300.0,119.1,Achieved
2023,8,August,Q3,West,Rajasthan,Product C,Pharma,SP018,1028000.0,992400.0,-35600.0,96.5,Missed
2023,8,August,Q3,West,Goa,Product C,Pharma,SP003,713000.0,579300.0,-133700.0,81.2,Missed
2023,8,August,Q3,West,Maharashtra,Product D,Pharma,SP004,363000.0,363700.0,700.0,100.2,Achieved
2023,8,August,Q3,West,Gujarat,Product D,Pharma,SP014,1151000.0,994200.0,-156800.0,86.4,Missed
2023,8,August,Q3,West,Rajasthan,Product D,Pharma,SP030,760000.0,813900.0,53900.0,107.1,Achieved
2023,8,August,Q3,West,Goa,Product D,Pharma,SP023,1143000.0,971100.0,-171900.0,85.0,Missed
2023,8,August,Q3,West,Maharashtra,Product E,Industrial,SP001,532000.0,654000.0,122000.0,122.9,Achieved
2023,8,August,Q3,West,Gujarat,Product E,Industrial,SP012,744000.0,679800.0,-64200.0,91.4,Missed
2023,8,August,Q3,West,Rajasthan,Product E,Industrial,SP012,1010000.0,932700.0,-77300.0,92.4,Missed
2023,8,August,Q3,West,Goa,Product E,Industrial,SP011,1108000.0,1070600.0,-37400.0,96.6,Missed
2023,8,August,Q3,Central,MP,Product A,FMCG,SP009,699000.0,493900.0,-205100.0,70.7,Missed
2023,8,August,Q3,Central,Chhattisgarh,Product A,FMCG,SP030,1188000.0,1208800.0,20800.0,101.8,Achieved
2023,8,August,Q3,Central,Uttarakhand,Product A,FMCG,SP029,636000.0,691000.0,55000.0,108.7,Achieved
2023,8,August,Q3,Central,MP,Product B,FMCG,SP013,523000.0,274400.0,-248600.0,52.5,Missed
2023,8,August,Q3,Central,Chhattisgarh,Product B,FMCG,SP020,1285000.0,1147100.0,-137900.0,89.3,Missed
2023,8,August,Q3,Central,Uttarakhand,Product B,FMCG,SP008,1097000.0,1037500.0,-59500.0,94.6,Missed
2023,8,August,Q3,Central,MP,Product C,Pharma,SP010,1293000.0,1155300.0,-137700.0,89.4,Missed
2023,8,August,Q3,Central,Chhattisgarh,Product C,Pharma,SP030,951000.0,979000.0,28000.0,102.9,Achieved
2023,8,August,Q3,Central,Uttarakhand,Product C,Pharma,SP003,431000.0,373100.0,-57900.0,86.6,Missed
2023,8,August,Q3,Central,MP,Product D,Pharma,SP022,886000.0,794900.0,-91100.0,89.7,Missed
2023,8,August,Q3,Central,Chhattisgarh,Product D,Pharma,SP003,1240000.0,1141600.0,-98400.0,92.1,Missed
2023,8,August,Q3,Central,Uttarakhand,Product D,Pharma,SP003,1115000.0,1133000.0,18000.0,101.6,Achieved
2023,8,August,Q3,Central,MP,Product E,Industrial,SP007,459000.0,357000.0,-102000.0,77.8,Missed
2023,8,August,Q3,Central,Chhattisgarh,Product E,Industrial,SP012,778000.0,798200.0,20200.0,102.6,Achieved
2023,8,August,Q3,Central,Uttarakhand,Product E,Industrial,SP028,700000.0,552200.0,-147800.0,78.9,Missed
2023,9,September,Q3,North,Delhi,Product A,FMCG,SP008,1200000.0,1255400.0,55400.0,104.6,Achieved
2023,9,September,Q3,North,Punjab,Product A,FMCG,SP008,356000.0,311300.0,-44700.0,87.4,Missed
2023,9,September,Q3,North,Haryana,Product A,FMCG,SP027,439000.0,284300.0,-154700.0,64.7,Missed
2023,9,September,Q3,North,UP,Product A,FMCG,SP018,563000.0,546700.0,-16300.0,97.1,Missed
2023,9,September,Q3,North,Delhi,Product B,FMCG,SP026,890000.0,767100.0,-122900.0,86.2,Missed
2023,9,September,Q3,North,Punjab,Product B,FMCG,SP013,476000.0,494000.0,18000.0,103.8,Achieved
2023,9,September,Q3,North,Haryana,Product B,FMCG,SP027,983000.0,996000.0,13000.0,101.3,Achieved
2023,9,September,Q3,North,UP,Product B,FMCG,SP001,658000.0,711200.0,53200.0,108.1,Achieved
2023,9,September,Q3,North,Delhi,Product C,Pharma,SP011,500000.0,502800.0,2800.0,100.6,Achieved
2023,9,September,Q3,North,Punjab,Product C,Pharma,SP013,582000.0,622200.0,40200.0,106.9,Achieved
2023,9,September,Q3,North,Haryana,Product C,Pharma,SP016,1071000.0,1152900.0,81900.0,107.6,Achieved
2023,9,September,Q3,North,UP,Product C,Pharma,SP026,487000.0,529300.0,42300.0,108.7,Achieved
2023,9,September,Q3,North,Delhi,Product D,Pharma,SP006,1045000.0,788600.0,-256400.0,75.5,Missed
2023,9,September,Q3,North,Punjab,Product D,Pharma,SP019,1122000.0,1159900.0,37900.0,103.4,Achieved
2023,9,September,Q3,North,Haryana,Product D,Pharma,SP029,1003000.0,1205300.0,202300.0,120.2,Achieved
2023,9,September,Q3,North,UP,Product D,Pharma,SP001,988000.0,833400.0,-154600.0,84.4,Missed
2023,9,September,Q3,North,Delhi,Product E,Industrial,SP002,463000.0,469300.0,6300.0,101.4,Achieved
2023,9,September,Q3,North,Punjab,Product E,Industrial,SP002,620000.0,720000.0,100000.0,116.1,Achieved
2023,9,September,Q3,North,Haryana,Product E,Industrial,SP012,792000.0,822600.0,30600.0,103.9,Achieved
2023,9,September,Q3,North,UP,Product E,Industrial,SP005,363000.0,297200.0,-65800.0,81.9,Missed
2023,9,September,Q3,South,Karnataka,Product A,FMCG,SP005,602000.0,537900.0,-64100.0,89.3,Missed
2023,9,September,Q3,South,Tamil Nadu,Product A,FMCG,SP021,671000.0,759000.0,88000.0,113.1,Achieved
2023,9,September,Q3,South,Telangana,Product A,FMCG,SP019,571000.0,451700.0,-119300.0,79.1,Missed
2023,9,September,Q3,South,Kerala,Product A,FMCG,SP008,630000.0,666500.0,36500.0,105.8,Achieved
2023,9,September,Q3,South,Karnataka,Product B,FMCG,SP030,551000.0,594300.0,43300.0,107.9,Achieved
2023,9,September,Q3,South,Tamil Nadu,Product B,FMCG,SP002,560000.0,564600.0,4600.0,100.8,Achieved
2023,9,September,Q3,South,Telangana,Product B,FMCG,SP009,753000.0,773800.0,20800.0,102.8,Achieved
2023,9,September,Q3,South,Kerala,Product B,FMCG,SP030,418000.0,401700.0,-16300.0,96.1,Missed
2023,9,September,Q3,South,Karnataka,Product C,Pharma,SP027,927000.0,907600.0,-19400.0,97.9,Missed
2023,9,September,Q3,South,Tamil Nadu,Product C,Pharma,SP003,1146000.0,1086300.0,-59700.0,94.8,Missed
2023,9,September,Q3,South,Telangana,Product C,Pharma,SP018,485000.0,458300.0,-26700.0,94.5,Missed
2023,9,September,Q3,South,Kerala,Product C,Pharma,SP001,968000.0,680500.0,-287500.0,70.3,Missed
2023,9,September,Q3,South,Karnataka,Product D,Pharma,SP019,1019000.0,960400.0,-58600.0,94.3,Missed
2023,9,September,Q3,South,Tamil Nadu,Product D,Pharma,SP007,632000.0,661300.0,29300.0,104.6,Achieved
2023,9,September,Q3,South,Telangana,Product D,Pharma,SP016,703000.0,643800.0,-59200.0,91.6,Missed
2023,9,September,Q3,South,Kerala,Product D,Pharma,SP012,447000.0,382500.0,-64500.0,85.6,Missed
2023,9,September,Q3,South,Karnataka,Product E,Industrial,SP020,1179000.0,1194400.0,15400.0,101.3,Achieved
2023,9,September,Q3,South,Tamil Nadu,Product E,Industrial,SP028,1114000.0,811700.0,-302300.0,72.9,Missed
2023,9,September,Q3,South,Telangana,Product E,Industrial,SP008,525000.0,310900.0,-214100.0,59.2,Missed
2023,9,September,Q3,South,Kerala,Product E,Industrial,SP030,749000.0,711000.0,-38000.0,94.9,Missed
2023,9,September,Q3,East,West Bengal,Product A,FMCG,SP027,834000.0,672000.0,-162000.0,80.6,Missed
2023,9,September,Q3,East,Odisha,Product A,FMCG,SP015,594000.0,424300.0,-169700.0,71.4,Missed
2023,9,September,Q3,East,Bihar,Product A,FMCG,SP014,506000.0,441700.0,-64300.0,87.3,Missed
2023,9,September,Q3,East,Jharkhand,Product A,FMCG,SP015,538000.0,473600.0,-64400.0,88.0,Missed
2023,9,September,Q3,East,West Bengal,Product B,FMCG,SP029,1089000.0,1193500.0,104500.0,109.6,Achieved
2023,9,September,Q3,East,Odisha,Product B,FMCG,SP010,844000.0,795900.0,-48100.0,94.3,Missed
2023,9,September,Q3,East,Bihar,Product B,FMCG,SP002,1050000.0,1094700.0,44700.0,104.3,Achieved
2023,9,September,Q3,East,Jharkhand,Product B,FMCG,SP007,657000.0,687500.0,30500.0,104.6,Achieved
2023,9,September,Q3,East,West Bengal,Product C,Pharma,SP015,1123000.0,1092900.0,-30100.0,97.3,Missed
2023,9,September,Q3,East,Odisha,Product C,Pharma,SP024,515000.0,510300.0,-4700.0,99.1,Missed
2023,9,September,Q3,East,Bihar,Product C,Pharma,SP004,881000.0,762500.0,-118500.0,86.6,Missed
2023,9,September,Q3,East,Jharkhand,Product C,Pharma,SP023,1053000.0,934500.0,-118500.0,88.7,Missed
2023,9,September,Q3,East,West Bengal,Product D,Pharma,SP002,483000.0,468000.0,-15000.0,96.9,Missed
2023,9,September,Q3,East,Odisha,Product D,Pharma,SP002,508000.0,487700.0,-20300.0,96.0,Missed
2023,9,September,Q3,East,Bihar,Product D,Pharma,SP009,1190000.0,1666000.0,476000.0,140.0,Achieved
2023,9,September,Q3,East,Jharkhand,Product D,Pharma,SP014,315000.0,312400.0,-2600.0,99.2,Missed
2023,9,September,Q3,East,West Bengal,Product E,Industrial,SP003,391000.0,322900.0,-68100.0,82.6,Missed
2023,9,September,Q3,East,Odisha,Product E,Industrial,SP006,316000.0,239300.0,-76700.0,75.7,Missed
2023,9,September,Q3,East,Bihar,Product E,Industrial,SP008,392000.0,276300.0,-115700.0,70.5,Missed
2023,9,September,Q3,East,Jharkhand,Product E,Industrial,SP004,378000.0,429900.0,51900.0,113.7,Achieved
2023,9,September,Q3,West,Maharashtra,Product A,FMCG,SP003,383000.0,299800.0,-83200.0,78.3,Missed
2023,9,September,Q3,West,Gujarat,Product A,FMCG,SP001,1058000.0,1107600.0,49600.0,104.7,Achieved
2023,9,September,Q3,West,Rajasthan,Product A,FMCG,SP028,582000.0,608700.0,26700.0,104.6,Achieved
2023,9,September,Q3,West,Goa,Product A,FMCG,SP026,1158000.0,924300.0,-233700.0,79.8,Missed
2023,9,September,Q3,West,Maharashtra,Product B,FMCG,SP012,1117000.0,1100300.0,-16700.0,98.5,Missed
2023,9,September,Q3,West,Gujarat,Product B,FMCG,SP012,483000.0,517600.0,34600.0,107.2,Achieved
2023,9,September,Q3,West,Rajasthan,Product B,FMCG,SP015,704000.0,457600.0,-246400.0,65.0,Missed
2023,9,September,Q3,West,Goa,Product B,FMCG,SP020,349000.0,354100.0,5100.0,101.5,Achieved
2023,9,September,Q3,West,Maharashtra,Product C,Pharma,SP014,488000.0,538900.0,50900.0,110.4,Achieved
2023,9,September,Q3,West,Gujarat,Product C,Pharma,SP016,505000.0,456400.0,-48600.0,90.4,Missed
2023,9,September,Q3,West,Rajasthan,Product C,Pharma,SP017,786000.0,661500.0,-124500.0,84.2,Missed
2023,9,September,Q3,West,Goa,Product C,Pharma,SP011,380000.0,323700.0,-56300.0,85.2,Missed
2023,9,September,Q3,West,Maharashtra,Product D,Pharma,SP012,483000.0,261900.0,-221100.0,54.2,Missed
2023,9,September,Q3,West,Gujarat,Product D,Pharma,SP023,626000.0,500100.0,-125900.0,79.9,Missed
2023,9,September,Q3,West,Rajasthan,Product D,Pharma,SP022,1161000.0,1142300.0,-18700.0,98.4,Missed
2023,9,September,Q3,West,Goa,Product D,Pharma,SP010,928000.0,668000.0,-260000.0,72.0,Missed
2023,9,September,Q3,West,Maharashtra,Product E,Industrial,SP002,969000.0,882500.0,-86500.0,91.1,Missed
2023,9,September,Q3,West,Gujarat,Product E,Industrial,SP007,1004000.0,1062700.0,58700.0,105.8,Achieved
2023,9,September,Q3,West,Rajasthan,Product E,Industrial,SP007,347000.0,310200.0,-36800.0,89.4,Missed
2023,9,September,Q3,West,Goa,Product E,Industrial,SP017,878000.0,926300.0,48300.0,105.5,Achieved
2023,9,September,Q3,Central,MP,Product A,FMCG,SP011,1085000.0,805000.0,-280000.0,74.2,Missed
2023,9,September,Q3,Central,Chhattisgarh,Product A,FMCG,SP021,547000.0,476500.0,-70500.0,87.1,Missed
2023,9,September,Q3,Central,Uttarakhand,Product A,FMCG,SP020,790000.0,894300.0,104300.0,113.2,Achieved
2023,9,September,Q3,Central,MP,Product B,FMCG,SP004,583000.0,460000.0,-123000.0,78.9,Missed
2023,9,September,Q3,Central,Chhattisgarh,Product B,FMCG,SP028,881000.0,794400.0,-86600.0,90.2,Missed
2023,9,September,Q3,Central,Uttarakhand,Product B,FMCG,SP014,1081000.0,1513400.0,432400.0,140.0,Achieved
2023,9,September,Q3,Central,MP,Product C,Pharma,SP007,430000.0,438100.0,8100.0,101.9,Achieved
2023,9,September,Q3,Central,Chhattisgarh,Product C,Pharma,SP002,471000.0,443500.0,-27500.0,94.2,Missed
2023,9,September,Q3,Central,Uttarakhand,Product C,Pharma,SP016,1142000.0,794500.0,-347500.0,69.6,Missed
2023,9,September,Q3,Central,MP,Product D,Pharma,SP004,1131000.0,957000.0,-174000.0,84.6,Missed
2023,9,September,Q3,Central,Chhattisgarh,Product D,Pharma,SP025,492000.0,422600.0,-69400.0,85.9,Missed
2023,9,September,Q3,Central,Uttarakhand,Product D,Pharma,SP007,437000.0,324100.0,-112900.0,74.2,Missed
2023,9,September,Q3,Central,MP,Product E,Industrial,SP006,957000.0,762100.0,-194900.0,79.6,Missed
2023,9,September,Q3,Central,Chhattisgarh,Product E,Industrial,SP014,1184000.0,1170400.0,-13600.0,98.9,Missed
2023,9,September,Q3,Central,Uttarakhand,Product E,Industrial,SP003,917000.0,727800.0,-189200.0,79.4,Missed
2023,10,October,Q4,North,Delhi,Product A,FMCG,SP030,1078000.0,1036200.0,-41800.0,96.1,Missed
2023,10,October,Q4,North,Punjab,Product A,FMCG,SP009,346000.0,232700.0,-113300.0,67.2,Missed
2023,10,October,Q4,North,Haryana,Product A,FMCG,SP026,499000.0,358200.0,-140800.0,71.8,Missed
2023,10,October,Q4,North,UP,Product A,FMCG,SP007,1056000.0,1227700.0,171700.0,116.3,Achieved
2023,10,October,Q4,North,Delhi,Product B,FMCG,SP017,995000.0,1050600.0,55600.0,105.6,Achieved
2023,10,October,Q4,North,Punjab,Product B,FMCG,SP030,776000.0,782200.0,6200.0,100.8,Achieved
2023,10,October,Q4,North,Haryana,Product B,FMCG,SP001,909000.0,923600.0,14600.0,101.6,Achieved
2023,10,October,Q4,North,UP,Product B,FMCG,SP020,686000.0,596500.0,-89500.0,87.0,Missed
2023,10,October,Q4,North,Delhi,Product C,Pharma,SP022,844000.0,890200.0,46200.0,105.5,Achieved
2023,10,October,Q4,North,Punjab,Product C,Pharma,SP015,855000.0,696900.0,-158100.0,81.5,Missed
2023,10,October,Q4,North,Haryana,Product C,Pharma,SP009,972000.0,1013200.0,41200.0,104.2,Achieved
2023,10,October,Q4,North,UP,Product C,Pharma,SP019,510000.0,423900.0,-86100.0,83.1,Missed
2023,10,October,Q4,North,Delhi,Product D,Pharma,SP017,686000.0,703800.0,17800.0,102.6,Achieved
2023,10,October,Q4,North,Punjab,Product D,Pharma,SP005,798000.0,793000.0,-5000.0,99.4,Missed
2023,10,October,Q4,North,Haryana,Product D,Pharma,SP025,976000.0,958900.0,-17100.0,98.2,Missed
2023,10,October,Q4,North,UP,Product D,Pharma,SP015,777000.0,527800.0,-249200.0,67.9,Missed
2023,10,October,Q4,North,Delhi,Product E,Industrial,SP012,980000.0,782500.0,-197500.0,79.8,Missed
2023,10,October,Q4,North,Punjab,Product E,Industrial,SP016,978000.0,1045400.0,67400.0,106.9,Achieved
2023,10,October,Q4,North,Haryana,Product E,Industrial,SP008,1018000.0,900300.0,-117700.0,88.4,Missed
2023,10,October,Q4,North,UP,Product E,Industrial,SP017,844000.0,751200.0,-92800.0,89.0,Missed
2023,10,October,Q4,South,Karnataka,Product A,FMCG,SP028,373000.0,321300.0,-51700.0,86.1,Missed
2023,10,October,Q4,South,Tamil Nadu,Product A,FMCG,SP029,398000.0,427700.0,29700.0,107.5,Achieved
2023,10,October,Q4,South,Telangana,Product A,FMCG,SP003,876000.0,830300.0,-45700.0,94.8,Missed
2023,10,October,Q4,South,Kerala,Product A,FMCG,SP003,432000.0,377100.0,-54900.0,87.3,Missed
2023,10,October,Q4,South,Karnataka,Product B,FMCG,SP020,492000.0,404400.0,-87600.0,82.2,Missed
2023,10,October,Q4,South,Tamil Nadu,Product B,FMCG,SP029,768000.0,690900.0,-77100.0,90.0,Missed
2023,10,October,Q4,South,Telangana,Product B,FMCG,SP005,764000.0,666100.0,-97900.0,87.2,Missed
2023,10,October,Q4,South,Kerala,Product B,FMCG,SP019,666000.0,713300.0,47300.0,107.1,Achieved
2023,10,October,Q4,South,Karnataka,Product C,Pharma,SP025,892000.0,840000.0,-52000.0,94.2,Missed
2023,10,October,Q4,South,Tamil Nadu,Product C,Pharma,SP010,1024000.0,911400.0,-112600.0,89.0,Missed
2023,10,October,Q4,South,Telangana,Product C,Pharma,SP001,536000.0,268000.0,-268000.0,50.0,Missed
2023,10,October,Q4,South,Kerala,Product C,Pharma,SP013,445000.0,403400.0,-41600.0,90.6,Missed
2023,10,October,Q4,South,Karnataka,Product D,Pharma,SP022,611000.0,586100.0,-24900.0,95.9,Missed
2023,10,October,Q4,South,Tamil Nadu,Product D,Pharma,SP029,835000.0,601300.0,-233700.0,72.0,Missed
2023,10,October,Q4,South,Telangana,Product D,Pharma,SP002,338000.0,369400.0,31400.0,109.3,Achieved
2023,10,October,Q4,South,Kerala,Product D,Pharma,SP020,457000.0,363400.0,-93600.0,79.5,Missed
2023,10,October,Q4,South,Karnataka,Product E,Industrial,SP025,750000.0,558800.0,-191200.0,74.5,Missed
2023,10,October,Q4,South,Tamil Nadu,Product E,Industrial,SP024,508000.0,390200.0,-117800.0,76.8,Missed
2023,10,October,Q4,South,Telangana,Product E,Industrial,SP012,395000.0,314500.0,-80500.0,79.6,Missed
2023,10,October,Q4,South,Kerala,Product E,Industrial,SP005,865000.0,764900.0,-100100.0,88.4,Missed
2023,10,October,Q4,East,West Bengal,Product A,FMCG,SP025,725000.0,615700.0,-109300.0,84.9,Missed
2023,10,October,Q4,East,Odisha,Product A,FMCG,SP012,807000.0,724900.0,-82100.0,89.8,Missed
2023,10,October,Q4,East,Bihar,Product A,FMCG,SP028,707000.0,598900.0,-108100.0,84.7,Missed
2023,10,October,Q4,East,Jharkhand,Product A,FMCG,SP006,594000.0,496100.0,-97900.0,83.5,Missed
2023,10,October,Q4,East,West Bengal,Product B,FMCG,SP012,906000.0,527500.0,-378500.0,58.2,Missed
2023,10,October,Q4,East,Odisha,Product B,FMCG,SP008,468000.0,451000.0,-17000.0,96.4,Missed
2023,10,October,Q4,East,Bihar,Product B,FMCG,SP022,533000.0,518600.0,-14400.0,97.3,Missed
2023,10,October,Q4,East,Jharkhand,Product B,FMCG,SP009,480000.0,527600.0,47600.0,109.9,Achieved
2023,10,October,Q4,East,West Bengal,Product C,Pharma,SP020,749000.0,577000.0,-172000.0,77.0,Missed
2023,10,October,Q4,East,Odisha,Product C,Pharma,SP019,366000.0,373100.0,7100.0,101.9,Achieved
2023,10,October,Q4,East,Bihar,Product C,Pharma,SP024,1031000.0,959500.0,-71500.0,93.1,Missed
2023,10,October,Q4,East,Jharkhand,Product C,Pharma,SP016,929000.0,1033800.0,104800.0,111.3,Achieved
2023,10,October,Q4,East,West Bengal,Product D,Pharma,SP019,388000.0,405000.0,17000.0,104.4,Achieved
2023,10,October,Q4,East,Odisha,Product D,Pharma,SP016,533000.0,590200.0,57200.0,110.7,Achieved
2023,10,October,Q4,East,Bihar,Product D,Pharma,SP021,513000.0,486900.0,-26100.0,94.9,Missed
2023,10,October,Q4,East,Jharkhand,Product D,Pharma,SP015,433000.0,400400.0,-32600.0,92.5,Missed
2023,10,October,Q4,East,West Bengal,Product E,Industrial,SP007,857000.0,869400.0,12400.0,101.4,Achieved
2023,10,October,Q4,East,Odisha,Product E,Industrial,SP010,979000.0,1101700.0,122700.0,112.5,Achieved
2023,10,October,Q4,East,Bihar,Product E,Industrial,SP001,762000.0,702200.0,-59800.0,92.2,Missed
2023,10,October,Q4,East,Jharkhand,Product E,Industrial,SP015,535000.0,441700.0,-93300.0,82.6,Missed
2023,10,October,Q4,West,Maharashtra,Product A,FMCG,SP001,1072000.0,1050400.0,-21600.0,98.0,Missed
2023,10,October,Q4,West,Gujarat,Product A,FMCG,SP012,283000.0,273500.0,-9500.0,96.6,Missed
2023,10,October,Q4,West,Rajasthan,Product A,FMCG,SP025,628000.0,476500.0,-151500.0,75.9,Missed
2023,10,October,Q4,West,Goa,Product A,FMCG,SP025,390000.0,301600.0,-88400.0,77.3,Missed
2023,10,October,Q4,West,Maharashtra,Product B,FMCG,SP020,776000.0,665500.0,-110500.0,85.8,Missed
2023,10,October,Q4,West,Gujarat,Product B,FMCG,SP009,800000.0,688600.0,-111400.0,86.1,Missed
2023,10,October,Q4,West,Rajasthan,Product B,FMCG,SP003,401000.0,398100.0,-2900.0,99.3,Missed
2023,10,October,Q4,West,Goa,Product B,FMCG,SP013,988000.0,991600.0,3600.0,100.4,Achieved
2023,10,October,Q4,West,Maharashtra,Product C,Pharma,SP017,1068000.0,858000.0,-210000.0,80.3,Missed
2023,10,October,Q4,West,Gujarat,Product C,Pharma,SP019,842000.0,644300.0,-197700.0,76.5,Missed
2023,10,October,Q4,West,Rajasthan,Product C,Pharma,SP006,777000.0,568300.0,-208700.0,73.1,Missed
2023,10,October,Q4,West,Goa,Product C,Pharma,SP012,454000.0,357000.0,-97000.0,78.6,Missed
2023,10,October,Q4,West,Maharashtra,Product D,Pharma,SP005,1051000.0,984800.0,-66200.0,93.7,Missed
2023,10,October,Q4,West,Gujarat,Product D,Pharma,SP001,1019000.0,1052700.0,33700.0,103.3,Achieved
2023,10,October,Q4,West,Rajasthan,Product D,Pharma,SP017,367000.0,347900.0,-19100.0,94.8,Missed
2023,10,October,Q4,West,Goa,Product D,Pharma,SP016,369000.0,356800.0,-12200.0,96.7,Missed
2023,10,October,Q4,West,Maharashtra,Product E,Industrial,SP020,679000.0,494500.0,-184500.0,72.8,Missed
2023,10,October,Q4,West,Gujarat,Product E,Industrial,SP010,897000.0,939200.0,42200.0,104.7,Achieved
2023,10,October,Q4,West,Rajasthan,Product E,Industrial,SP017,646000.0,625000.0,-21000.0,96.8,Missed
2023,10,October,Q4,West,Goa,Product E,Industrial,SP025,821000.0,792500.0,-28500.0,96.5,Missed
2023,10,October,Q4,Central,MP,Product A,FMCG,SP029,760000.0,690400.0,-69600.0,90.8,Missed
2023,10,October,Q4,Central,Chhattisgarh,Product A,FMCG,SP024,729000.0,708000.0,-21000.0,97.1,Missed
2023,10,October,Q4,Central,Uttarakhand,Product A,FMCG,SP001,848000.0,781500.0,-66500.0,92.2,Missed
2023,10,October,Q4,Central,MP,Product B,FMCG,SP003,699000.0,627300.0,-71700.0,89.7,Missed
2023,10,October,Q4,Central,Chhattisgarh,Product B,FMCG,SP019,825000.0,917500.0,92500.0,111.2,Achieved
2023,10,October,Q4,Central,Uttarakhand,Product B,FMCG,SP020,618000.0,524100.0,-93900.0,84.8,Missed
2023,10,October,Q4,Central,MP,Product C,Pharma,SP008,595000.0,566200.0,-28800.0,95.2,Missed
2023,10,October,Q4,Central,Chhattisgarh,Product C,Pharma,SP011,367000.0,296300.0,-70700.0,80.7,Missed
2023,10,October,Q4,Central,Uttarakhand,Product C,Pharma,SP023,909000.0,907200.0,-1800.0,99.8,Missed
2023,10,October,Q4,Central,MP,Product D,Pharma,SP001,877000.0,743600.0,-133400.0,84.8,Missed
2023,10,October,Q4,Central,Chhattisgarh,Product D,Pharma,SP004,1016000.0,989700.0,-26300.0,97.4,Missed
2023,10,October,Q4,Central,Uttarakhand,Product D,Pharma,SP006,975000.0,913600.0,-61400.0,93.7,Missed
2023,10,October,Q4,Central,MP,Product E,Industrial,SP008,937000.0,741000.0,-196000.0,79.1,Missed
2023,10,October,Q4,Central,Chhattisgarh,Product E,Industrial,SP010,801000.0,1032200.0,231200.0,128.9,Achieved
2023,10,October,Q4,Central,Uttarakhand,Product E,Industrial,SP007,1022000.0,871000.0,-151000.0,85.2,Missed
2023,11,November,Q4,North,Delhi,Product A,FMCG,SP008,739000.0,740600.0,1600.0,100.2,Achieved
2023,11,November,Q4,North,Punjab,Product A,FMCG,SP016,933000.0,945300.0,12300.0,101.3,Achieved
2023,11,November,Q4,North,Haryana,Product A,FMCG,SP002,516000.0,380200.0,-135800.0,73.7,Missed
2023,11,November,Q4,North,UP,Product A,FMCG,SP007,580000.0,559800.0,-20200.0,96.5,Missed
2023,11,November,Q4,North,Delhi,Product B,FMCG,SP027,828000.0,689900.0,-138100.0,83.3,Missed
2023,11,November,Q4,North,Punjab,Product B,FMCG,SP015,975000.0,778900.0,-196100.0,79.9,Missed
2023,11,November,Q4,North,Haryana,Product B,FMCG,SP009,986000.0,839400.0,-146600.0,85.1,Missed
2023,11,November,Q4,North,UP,Product B,FMCG,SP024,298000.0,417200.0,119200.0,140.0,Achieved
2023,11,November,Q4,North,Delhi,Product C,Pharma,SP006,427000.0,427000.0,0.0,100.0,Achieved
2023,11,November,Q4,North,Punjab,Product C,Pharma,SP019,323000.0,264200.0,-58800.0,81.8,Missed
2023,11,November,Q4,North,Haryana,Product C,Pharma,SP003,579000.0,529800.0,-49200.0,91.5,Missed
2023,11,November,Q4,North,UP,Product C,Pharma,SP006,710000.0,744300.0,34300.0,104.8,Achieved
2023,11,November,Q4,North,Delhi,Product D,Pharma,SP014,846000.0,946500.0,100500.0,111.9,Achieved
2023,11,November,Q4,North,Punjab,Product D,Pharma,SP020,375000.0,368300.0,-6700.0,98.2,Missed
2023,11,November,Q4,North,Haryana,Product D,Pharma,SP007,741000.0,630500.0,-110500.0,85.1,Missed
2023,11,November,Q4,North,UP,Product D,Pharma,SP014,507000.0,511400.0,4400.0,100.9,Achieved
2023,11,November,Q4,North,Delhi,Product E,Industrial,SP026,340000.0,266400.0,-73600.0,78.3,Missed
2023,11,November,Q4,North,Punjab,Product E,Industrial,SP003,307000.0,233500.0,-73500.0,76.1,Missed
2023,11,November,Q4,North,Haryana,Product E,Industrial,SP027,535000.0,621200.0,86200.0,116.1,Achieved
2023,11,November,Q4,North,UP,Product E,Industrial,SP026,671000.0,514200.0,-156800.0,76.6,Missed
2023,11,November,Q4,South,Karnataka,Product A,FMCG,SP005,449000.0,436200.0,-12800.0,97.2,Missed
2023,11,November,Q4,South,Tamil Nadu,Product A,FMCG,SP027,686000.0,842700.0,156700.0,122.8,Achieved
2023,11,November,Q4,South,Telangana,Product A,FMCG,SP030,316000.0,336200.0,20200.0,106.4,Achieved
2023,11,November,Q4,South,Kerala,Product A,FMCG,SP003,594000.0,384000.0,-210000.0,64.7,Missed
2023,11,November,Q4,South,Karnataka,Product B,FMCG,SP008,692000.0,725000.0,33000.0,104.8,Achieved
2023,11,November,Q4,South,Tamil Nadu,Product B,FMCG,SP010,658000.0,494600.0,-163400.0,75.2,Missed
2023,11,November,Q4,South,Telangana,Product B,FMCG,SP007,734000.0,591500.0,-142500.0,80.6,Missed
2023,11,November,Q4,South,Kerala,Product B,FMCG,SP026,882000.0,939800.0,57800.0,106.6,Achieved
2023,11,November,Q4,South,Karnataka,Product C,Pharma,SP011,757000.0,826300.0,69300.0,109.1,Achieved
2023,11,November,Q4,South,Tamil Nadu,Product C,Pharma,SP014,759000.0,808800.0,49800.0,106.6,Achieved
2023,11,November,Q4,South,Telangana,Product C,Pharma,SP020,531000.0,688000.0,157000.0,129.6,Achieved
2023,11,November,Q4,South,Kerala,Product C,Pharma,SP024,396000.0,449400.0,53400.0,113.5,Achieved
2023,11,November,Q4,South,Karnataka,Product D,Pharma,SP015,366000.0,382800.0,16800.0,104.6,Achieved
2023,11,November,Q4,South,Tamil Nadu,Product D,Pharma,SP024,448000.0,415400.0,-32600.0,92.7,Missed
2023,11,November,Q4,South,Telangana,Product D,Pharma,SP005,602000.0,626900.0,24900.0,104.1,Achieved
2023,11,November,Q4,South,Kerala,Product D,Pharma,SP015,666000.0,830100.0,164100.0,124.6,Achieved
2023,11,November,Q4,South,Karnataka,Product E,Industrial,SP009,572000.0,571700.0,-300.0,100.0,Missed
2023,11,November,Q4,South,Tamil Nadu,Product E,Industrial,SP023,577000.0,518100.0,-58900.0,89.8,Missed
2023,11,November,Q4,South,Telangana,Product E,Industrial,SP012,313000.0,233700.0,-79300.0,74.7,Missed
2023,11,November,Q4,South,Kerala,Product E,Industrial,SP020,694000.0,618700.0,-75300.0,89.2,Missed
2023,11,November,Q4,East,West Bengal,Product A,FMCG,SP002,433000.0,485800.0,52800.0,112.2,Achieved
2023,11,November,Q4,East,Odisha,Product A,FMCG,SP016,699000.0,779700.0,80700.0,111.5,Achieved
2023,11,November,Q4,East,Bihar,Product A,FMCG,SP022,711000.0,751600.0,40600.0,105.7,Achieved
2023,11,November,Q4,East,Jharkhand,Product A,FMCG,SP001,631000.0,518500.0,-112500.0,82.2,Missed
2023,11,November,Q4,East,West Bengal,Product B,FMCG,SP022,618000.0,608500.0,-9500.0,98.5,Missed
2023,11,November,Q4,East,Odisha,Product B,FMCG,SP018,298000.0,251900.0,-46100.0,84.5,Missed
2023,11,November,Q4,East,Bihar,Product B,FMCG,SP022,438000.0,298100.0,-139900.0,68.1,Missed
2023,11,November,Q4,East,Jharkhand,Product B,FMCG,SP030,329000.0,329300.0,300.0,100.1,Achieved
2023,11,November,Q4,East,West Bengal,Product C,Pharma,SP015,760000.0,496300.0,-263700.0,65.3,Missed
2023,11,November,Q4,East,Odisha,Product C,Pharma,SP028,791000.0,702000.0,-89000.0,88.7,Missed
2023,11,November,Q4,East,Bihar,Product C,Pharma,SP014,664000.0,653600.0,-10400.0,98.4,Missed
2023,11,November,Q4,East,Jharkhand,Product C,Pharma,SP001,411000.0,362400.0,-48600.0,88.2,Missed
2023,11,November,Q4,East,West Bengal,Product D,Pharma,SP008,314000.0,296300.0,-17700.0,94.4,Missed
2023,11,November,Q4,East,Odisha,Product D,Pharma,SP008,710000.0,771000.0,61000.0,108.6,Achieved
2023,11,November,Q4,East,Bihar,Product D,Pharma,SP021,585000.0,497700.0,-87300.0,85.1,Missed
2023,11,November,Q4,East,Jharkhand,Product D,Pharma,SP006,370000.0,295600.0,-74400.0,79.9,Missed
2023,11,November,Q4,East,West Bengal,Product E,Industrial,SP021,443000.0,553000.0,110000.0,124.8,Achieved
2023,11,November,Q4,East,Odisha,Product E,Industrial,SP011,580000.0,434400.0,-145600.0,74.9,Missed
2023,11,November,Q4,East,Bihar,Product E,Industrial,SP021,976000.0,1109800.0,133800.0,113.7,Achieved
2023,11,November,Q4,East,Jharkhand,Product E,Industrial,SP030,896000.0,476200.0,-419800.0,53.1,Missed
2023,11,November,Q4,West,Maharashtra,Product A,FMCG,SP022,558000.0,613700.0,55700.0,110.0,Achieved
2023,11,November,Q4,West,Gujarat,Product A,FMCG,SP023,303000.0,262800.0,-40200.0,86.7,Missed
2023,11,November,Q4,West,Rajasthan,Product A,FMCG,SP019,914000.0,878000.0,-36000.0,96.1,Missed
2023,11,November,Q4,West,Goa,Product A,FMCG,SP019,797000.0,669300.0,-127700.0,84.0,Missed
2023,11,November,Q4,West,Maharashtra,Product B,FMCG,SP016,276000.0,227200.0,-48800.0,82.3,Missed
2023,11,November,Q4,West,Gujarat,Product B,FMCG,SP025,420000.0,393900.0,-26100.0,93.8,Missed
2023,11,November,Q4,West,Rajasthan,Product B,FMCG,SP014,730000.0,706200.0,-23800.0,96.7,Missed
2023,11,November,Q4,West,Goa,Product B,FMCG,SP013,948000.0,742400.0,-205600.0,78.3,Missed
2023,11,November,Q4,West,Maharashtra,Product C,Pharma,SP029,895000.0,896700.0,1700.0,100.2,Achieved
2023,11,November,Q4,West,Gujarat,Product C,Pharma,SP005,257000.0,245600.0,-11400.0,95.6,Missed
2023,11,November,Q4,West,Rajasthan,Product C,Pharma,SP029,521000.0,562700.0,41700.0,108.0,Achieved
2023,11,November,Q4,West,Goa,Product C,Pharma,SP018,526000.0,407500.0,-118500.0,77.5,Missed
2023,11,November,Q4,West,Maharashtra,Product D,Pharma,SP007,482000.0,352800.0,-129200.0,73.2,Missed
2023,11,November,Q4,West,Gujarat,Product D,Pharma,SP012,354000.0,385200.0,31200.0,108.8,Achieved
2023,11,November,Q4,West,Rajasthan,Product D,Pharma,SP008,658000.0,425100.0,-232900.0,64.6,Missed
2023,11,November,Q4,West,Goa,Product D,Pharma,SP010,647000.0,723500.0,76500.0,111.8,Achieved
2023,11,November,Q4,West,Maharashtra,Product E,Industrial,SP012,789000.0,768000.0,-21000.0,97.3,Missed
2023,11,November,Q4,West,Gujarat,Product E,Industrial,SP026,587000.0,519200.0,-67800.0,88.4,Missed
2023,11,November,Q4,West,Rajasthan,Product E,Industrial,SP030,930000.0,924400.0,-5600.0,99.4,Missed
2023,11,November,Q4,West,Goa,Product E,Industrial,SP022,890000.0,967500.0,77500.0,108.7,Achieved
2023,11,November,Q4,Central,MP,Product A,FMCG,SP006,272000.0,259700.0,-12300.0,95.5,Missed
2023,11,November,Q4,Central,Chhattisgarh,Product A,FMCG,SP003,962000.0,1066800.0,104800.0,110.9,Achieved
2023,11,November,Q4,Central,Uttarakhand,Product A,FMCG,SP019,693000.0,750700.0,57700.0,108.3,Achieved
2023,11,November,Q4,Central,MP,Product B,FMCG,SP002,701000.0,736500.0,35500.0,105.1,Achieved
2023,11,November,Q4,Central,Chhattisgarh,Product B,FMCG,SP030,893000.0,666700.0,-226300.0,74.7,Missed
2023,11,November,Q4,Central,Uttarakhand,Product B,FMCG,SP011,682000.0,462900.0,-219100.0,67.9,Missed
2023,11,November,Q4,Central,MP,Product C,Pharma,SP027,499000.0,309900.0,-189100.0,62.1,Missed
2023,11,November,Q4,Central,Chhattisgarh,Product C,Pharma,SP015,279000.0,209500.0,-69500.0,75.1,Missed
2023,11,November,Q4,Central,Uttarakhand,Product C,Pharma,SP028,948000.0,1016100.0,68100.0,107.2,Achieved
2023,11,November,Q4,Central,MP,Product D,Pharma,SP024,287000.0,316800.0,29800.0,110.4,Achieved
2023,11,November,Q4,Central,Chhattisgarh,Product D,Pharma,SP016,409000.0,369800.0,-39200.0,90.4,Missed
2023,11,November,Q4,Central,Uttarakhand,Product D,Pharma,SP006,498000.0,480600.0,-17400.0,96.5,Missed
2023,11,November,Q4,Central,MP,Product E,Industrial,SP030,797000.0,551200.0,-245800.0,69.2,Missed
2023,11,November,Q4,Central,Chhattisgarh,Product E,Industrial,SP013,533000.0,500800.0,-32200.0,94.0,Missed
2023,11,November,Q4,Central,Uttarakhand,Product E,Industrial,SP002,416000.0,323200.0,-92800.0,77.7,Missed
2023,12,December,Q4,North,Delhi,Product A,FMCG,SP022,466000.0,429700.0,-36300.0,92.2,Missed
2023,12,December,Q4,North,Punjab,Product A,FMCG,SP019,642000.0,649700.0,7700.0,101.2,Achieved
2023,12,December,Q4,North,Haryana,Product A,FMCG,SP019,726000.0,505700.0,-220300.0,69.7,Missed
2023,12,December,Q4,North,UP,Product A,FMCG,SP019,853000.0,796400.0,-56600.0,93.4,Missed
2023,12,December,Q4,North,Delhi,Product B,FMCG,SP013,268000.0,296300.0,28300.0,110.6,Achieved
2023,12,December,Q4,North,Punjab,Product B,FMCG,SP007,742000.0,644600.0,-97400.0,86.9,Missed
2023,12,December,Q4,North,Haryana,Product B,FMCG,SP028,313000.0,228200.0,-84800.0,72.9,Missed
2023,12,December,Q4,North,UP,Product B,FMCG,SP016,685000.0,714700.0,29700.0,104.3,Achieved
2023,12,December,Q4,North,Delhi,Product C,Pharma,SP005,422000.0,428100.0,6100.0,101.4,Achieved
2023,12,December,Q4,North,Punjab,Product C,Pharma,SP006,840000.0,716100.0,-123900.0,85.2,Missed
2023,12,December,Q4,North,Haryana,Product C,Pharma,SP025,639000.0,502800.0,-136200.0,78.7,Missed
2023,12,December,Q4,North,UP,Product C,Pharma,SP011,338000.0,314900.0,-23100.0,93.2,Missed
2023,12,December,Q4,North,Delhi,Product D,Pharma,SP016,660000.0,835900.0,175900.0,126.7,Achieved
2023,12,December,Q4,North,Punjab,Product D,Pharma,SP004,619000.0,529600.0,-89400.0,85.6,Missed
2023,12,December,Q4,North,Haryana,Product D,Pharma,SP023,744000.0,618100.0,-125900.0,83.1,Missed
2023,12,December,Q4,North,UP,Product D,Pharma,SP029,858000.0,813600.0,-44400.0,94.8,Missed
2023,12,December,Q4,North,Delhi,Product E,Industrial,SP020,362000.0,315100.0,-46900.0,87.1,Missed
2023,12,December,Q4,North,Punjab,Product E,Industrial,SP002,870000.0,870800.0,800.0,100.1,Achieved
2023,12,December,Q4,North,Haryana,Product E,Industrial,SP017,369000.0,249000.0,-120000.0,67.5,Missed
2023,12,December,Q4,North,UP,Product E,Industrial,SP013,432000.0,475700.0,43700.0,110.1,Achieved
2023,12,December,Q4,South,Karnataka,Product A,FMCG,SP027,429000.0,414400.0,-14600.0,96.6,Missed
2023,12,December,Q4,South,Tamil Nadu,Product A,FMCG,SP009,845000.0,984500.0,139500.0,116.5,Achieved
2023,12,December,Q4,South,Telangana,Product A,FMCG,SP005,777000.0,764500.0,-12500.0,98.4,Missed
2023,12,December,Q4,South,Kerala,Product A,FMCG,SP005,258000.0,251700.0,-6300.0,97.6,Missed
2023,12,December,Q4,South,Karnataka,Product B,FMCG,SP009,474000.0,395800.0,-78200.0,83.5,Missed
2023,12,December,Q4,South,Tamil Nadu,Product B,FMCG,SP012,634000.0,486000.0,-148000.0,76.7,Missed
2023,12,December,Q4,South,Telangana,Product B,FMCG,SP026,407000.0,394300.0,-12700.0,96.9,Missed
2023,12,December,Q4,South,Kerala,Product B,FMCG,SP013,611000.0,557800.0,-53200.0,91.3,Missed
2023,12,December,Q4,South,Karnataka,Product C,Pharma,SP019,957000.0,813200.0,-143800.0,85.0,Missed
2023,12,December,Q4,South,Tamil Nadu,Product C,Pharma,SP010,321000.0,326200.0,5200.0,101.6,Achieved
2023,12,December,Q4,South,Telangana,Product C,Pharma,SP017,659000.0,478900.0,-180100.0,72.7,Missed
2023,12,December,Q4,South,Kerala,Product C,Pharma,SP029,775000.0,625300.0,-149700.0,80.7,Missed
2023,12,December,Q4,South,Karnataka,Product D,Pharma,SP030,845000.0,703000.0,-142000.0,83.2,Missed
2023,12,December,Q4,South,Tamil Nadu,Product D,Pharma,SP026,284000.0,205900.0,-78100.0,72.5,Missed
2023,12,December,Q4,South,Telangana,Product D,Pharma,SP022,550000.0,444000.0,-106000.0,80.7,Missed
2023,12,December,Q4,South,Kerala,Product D,Pharma,SP008,782000.0,523700.0,-258300.0,67.0,Missed
2023,12,December,Q4,South,Karnataka,Product E,Industrial,SP026,347000.0,319500.0,-27500.0,92.1,Missed
2023,12,December,Q4,South,Tamil Nadu,Product E,Industrial,SP011,249000.0,299500.0,50500.0,120.3,Achieved
2023,12,December,Q4,South,Telangana,Product E,Industrial,SP001,906000.0,878100.0,-27900.0,96.9,Missed
2023,12,December,Q4,South,Kerala,Product E,Industrial,SP023,351000.0,321600.0,-29400.0,91.6,Missed
2023,12,December,Q4,East,West Bengal,Product A,FMCG,SP014,670000.0,581000.0,-89000.0,86.7,Missed
2023,12,December,Q4,East,Odisha,Product A,FMCG,SP001,527000.0,577500.0,50500.0,109.6,Achieved
2023,12,December,Q4,East,Bihar,Product A,FMCG,SP017,605000.0,555800.0,-49200.0,91.9,Missed
2023,12,December,Q4,East,Jharkhand,Product A,FMCG,SP026,948000.0,965300.0,17300.0,101.8,Achieved
2023,12,December,Q4,East,West Bengal,Product B,FMCG,SP029,895000.0,731300.0,-163700.0,81.7,Missed
2023,12,December,Q4,East,Odisha,Product B,FMCG,SP013,843000.0,1055500.0,212500.0,125.2,Achieved
2023,12,December,Q4,East,Bihar,Product B,FMCG,SP029,948000.0,875900.0,-72100.0,92.4,Missed
2023,12,December,Q4,East,Jharkhand,Product B,FMCG,SP012,432000.0,330600.0,-101400.0,76.5,Missed
2023,12,December,Q4,East,West Bengal,Product C,Pharma,SP025,845000.0,906200.0,61200.0,107.2,Achieved
2023,12,December,Q4,East,Odisha,Product C,Pharma,SP003,529000.0,581400.0,52400.0,109.9,Achieved
2023,12,December,Q4,East,Bihar,Product C,Pharma,SP019,836000.0,871800.0,35800.0,104.3,Achieved
2023,12,December,Q4,East,Jharkhand,Product C,Pharma,SP006,758000.0,614700.0,-143300.0,81.1,Missed
2023,12,December,Q4,East,West Bengal,Product D,Pharma,SP029,358000.0,274500.0,-83500.0,76.7,Missed
2023,12,December,Q4,East,Odisha,Product D,Pharma,SP025,331000.0,309700.0,-21300.0,93.6,Missed
2023,12,December,Q4,East,Bihar,Product D,Pharma,SP026,272000.0,198200.0,-73800.0,72.9,Missed
2023,12,December,Q4,East,Jharkhand,Product D,Pharma,SP018,535000.0,509300.0,-25700.0,95.2,Missed
2023,12,December,Q4,East,West Bengal,Product E,Industrial,SP013,271000.0,227100.0,-43900.0,83.8,Missed
2023,12,December,Q4,East,Odisha,Product E,Industrial,SP011,817000.0,867500.0,50500.0,106.2,Achieved
2023,12,December,Q4,East,Bihar,Product E,Industrial,SP030,483000.0,399200.0,-83800.0,82.6,Missed
2023,12,December,Q4,East,Jharkhand,Product E,Industrial,SP029,456000.0,514600.0,58600.0,112.9,Achieved
2023,12,December,Q4,West,Maharashtra,Product A,FMCG,SP005,849000.0,758500.0,-90500.0,89.3,Missed
2023,12,December,Q4,West,Gujarat,Product A,FMCG,SP003,445000.0,222500.0,-222500.0,50.0,Missed
2023,12,December,Q4,West,Rajasthan,Product A,FMCG,SP022,285000.0,227300.0,-57700.0,79.8,Missed
2023,12,December,Q4,West,Goa,Product A,FMCG,SP010,321000.0,252800.0,-68200.0,78.7,Missed
2023,12,December,Q4,West,Maharashtra,Product B,FMCG,SP018,311000.0,291200.0,-19800.0,93.6,Missed
2023,12,December,Q4,West,Gujarat,Product B,FMCG,SP020,607000.0,499900.0,-107100.0,82.4,Missed
2023,12,December,Q4,West,Rajasthan,Product B,FMCG,SP017,329000.0,393900.0,64900.0,119.7,Achieved
2023,12,December,Q4,West,Goa,Product B,FMCG,SP010,663000.0,733400.0,70400.0,110.6,Achieved
2023,12,December,Q4,West,Maharashtra,Product C,Pharma,SP004,628000.0,462500.0,-165500.0,73.6,Missed
2023,12,December,Q4,West,Gujarat,Product C,Pharma,SP008,370000.0,294200.0,-75800.0,79.5,Missed
2023,12,December,Q4,West,Rajasthan,Product C,Pharma,SP024,354000.0,366300.0,12300.0,103.5,Achieved
2023,12,December,Q4,West,Goa,Product C,Pharma,SP027,543000.0,302000.0,-241000.0,55.6,Missed
2023,12,December,Q4,West,Maharashtra,Product D,Pharma,SP022,326000.0,371300.0,45300.0,113.9,Achieved
2023,12,December,Q4,West,Gujarat,Product D,Pharma,SP011,667000.0,601600.0,-65400.0,90.2,Missed
2023,12,December,Q4,West,Rajasthan,Product D,Pharma,SP009,946000.0,985500.0,39500.0,104.2,Achieved
2023,12,December,Q4,West,Goa,Product D,Pharma,SP014,300000.0,312500.0,12500.0,104.2,Achieved
2023,12,December,Q4,West,Maharashtra,Product E,Industrial,SP007,939000.0,1013600.0,74600.0,107.9,Achieved
2023,12,December,Q4,West,Gujarat,Product E,Industrial,SP019,880000.0,735100.0,-144900.0,83.5,Missed
2023,12,December,Q4,West,Rajasthan,Product E,Industrial,SP016,820000.0,845100.0,25100.0,103.1,Achieved
2023,12,December,Q4,West,Goa,Product E,Industrial,SP006,528000.0,526600.0,-1400.0,99.7,Missed
2023,12,December,Q4,Central,MP,Product A,FMCG,SP021,836000.0,646500.0,-189500.0,77.3,Missed
2023,12,December,Q4,Central,Chhattisgarh,Product A,FMCG,SP018,731000.0,740600.0,9600.0,101.3,Achieved
2023,12,December,Q4,Central,Uttarakhand,Product A,FMCG,SP009,888000.0,479300.0,-408700.0,54.0,Missed
2023,12,December,Q4,Central,MP,Product B,FMCG,SP016,768000.0,964600.0,196600.0,125.6,Achieved
2023,12,December,Q4,Central,Chhattisgarh,Product B,FMCG,SP004,744000.0,719800.0,-24200.0,96.7,Missed
2023,12,December,Q4,Central,Uttarakhand,Product B,FMCG,SP001,376000.0,369000.0,-7000.0,98.1,Missed
2023,12,December,Q4,Central,MP,Product C,Pharma,SP020,273000.0,259700.0,-13300.0,95.1,Missed
2023,12,December,Q4,Central,Chhattisgarh,Product C,Pharma,SP003,432000.0,447500.0,15500.0,103.6,Achieved
2023,12,December,Q4,Central,Uttarakhand,Product C,Pharma,SP012,669000.0,799600.0,130600.0,119.5,Achieved
2023,12,December,Q4,Central,MP,Product D,Pharma,SP015,681000.0,730000.0,49000.0,107.2,Achieved
2023,12,December,Q4,Central,Chhattisgarh,Product D,Pharma,SP007,735000.0,806800.0,71800.0,109.8,Achieved
2023,12,December,Q4,Central,Uttarakhand,Product D,Pharma,SP021,865000.0,755700.0,-109300.0,87.4,Missed
2023,12,December,Q4,Central,MP,Product E,Industrial,SP027,562000.0,697600.0,135600.0,124.1,Achieved
2023,12,December,Q4,Central,Chhattisgarh,Product E,Industrial,SP023,614000.0,602900.0,-11100.0,98.2,Missed
2023,12,December,Q4,Central,Uttarakhand,Product E,Industrial,SP006,406000.0,337700.0,-68300.0,83.2,Missed
2024,1,January,Q1,North,Delhi,Product A,FMCG,SP016,772000.0,686300.0,-85700.0,88.9,Missed
2024,1,January,Q1,North,Punjab,Product A,FMCG,SP011,516000.0,293000.0,-223000.0,56.8,Missed
2024,1,January,Q1,North,Haryana,Product A,FMCG,SP027,931000.0,984400.0,53400.0,105.7,Achieved
2024,1,January,Q1,North,UP,Product A,FMCG,SP015,354000.0,384200.0,30200.0,108.5,Achieved
2024,1,January,Q1,North,Delhi,Product B,FMCG,SP001,759000.0,485900.0,-273100.0,64.0,Missed
2024,1,January,Q1,North,Punjab,Product B,FMCG,SP002,542000.0,625600.0,83600.0,115.4,Achieved
2024,1,January,Q1,North,Haryana,Product B,FMCG,SP013,468000.0,439300.0,-28700.0,93.9,Missed
2024,1,January,Q1,North,UP,Product B,FMCG,SP029,456000.0,473300.0,17300.0,103.8,Achieved
2024,1,January,Q1,North,Delhi,Product C,Pharma,SP010,512000.0,518200.0,6200.0,101.2,Achieved
2024,1,January,Q1,North,Punjab,Product C,Pharma,SP024,327000.0,320400.0,-6600.0,98.0,Missed
2024,1,January,Q1,North,Haryana,Product C,Pharma,SP029,360000.0,338200.0,-21800.0,93.9,Missed
2024,1,January,Q1,North,UP,Product C,Pharma,SP019,293000.0,201600.0,-91400.0,68.8,Missed
2024,1,January,Q1,North,Delhi,Product D,Pharma,SP003,531000.0,449100.0,-81900.0,84.6,Missed
2024,1,January,Q1,North,Punjab,Product D,Pharma,SP026,743000.0,841300.0,98300.0,113.2,Achieved
2024,1,January,Q1,North,Haryana,Product D,Pharma,SP011,749000.0,484700.0,-264300.0,64.7,Missed
2024,1,January,Q1,North,UP,Product D,Pharma,SP028,417000.0,425300.0,8300.0,102.0,Achieved
2024,1,January,Q1,North,Delhi,Product E,Industrial,SP006,445000.0,473700.0,28700.0,106.4,Achieved
2024,1,January,Q1,North,Punjab,Product E,Industrial,SP023,621000.0,447900.0,-173100.0,72.1,Missed
2024,1,January,Q1,North,Haryana,Product E,Industrial,SP006,430000.0,491900.0,61900.0,114.4,Achieved
2024,1,January,Q1,North,UP,Product E,Industrial,SP002,755000.0,808500.0,53500.0,107.1,Achieved
2024,1,January,Q1,South,Karnataka,Product A,FMCG,SP002,877000.0,1000000.0,123000.0,114.0,Achieved
2024,1,January,Q1,South,Tamil Nadu,Product A,FMCG,SP026,251000.0,259500.0,8500.0,103.4,Achieved
2024,1,January,Q1,South,Telangana,Product A,FMCG,SP011,274000.0,262100.0,-11900.0,95.7,Missed
2024,1,January,Q1,South,Kerala,Product A,FMCG,SP014,636000.0,546500.0,-89500.0,85.9,Missed
2024,1,January,Q1,South,Karnataka,Product B,FMCG,SP009,864000.0,1066500.0,202500.0,123.4,Achieved
2024,1,January,Q1,South,Tamil Nadu,Product B,FMCG,SP012,415000.0,438300.0,23300.0,105.6,Achieved
2024,1,January,Q1,South,Telangana,Product B,FMCG,SP018,442000.0,460800.0,18800.0,104.2,Achieved
2024,1,January,Q1,South,Kerala,Product B,FMCG,SP025,612000.0,600300.0,-11700.0,98.1,Missed
2024,1,January,Q1,South,Karnataka,Product C,Pharma,SP008,891000.0,748500.0,-142500.0,84.0,Missed
2024,1,January,Q1,South,Tamil Nadu,Product C,Pharma,SP027,751000.0,573100.0,-177900.0,76.3,Missed
2024,1,January,Q1,South,Telangana,Product C,Pharma,SP009,827000.0,543600.0,-283400.0,65.7,Missed
2024,1,January,Q1,South,Kerala,Product C,Pharma,SP008,966000.0,784700.0,-181300.0,81.2,Missed
2024,1,January,Q1,South,Karnataka,Product D,Pharma,SP004,540000.0,502800.0,-37200.0,93.1,Missed
2024,1,January,Q1,South,Tamil Nadu,Product D,Pharma,SP002,250000.0,265100.0,15100.0,106.0,Achieved
2024,1,January,Q1,South,Telangana,Product D,Pharma,SP024,319000.0,279100.0,-39900.0,87.5,Missed
2024,1,January,Q1,South,Kerala,Product D,Pharma,SP003,776000.0,672500.0,-103500.0,86.7,Missed
2024,1,January,Q1,South,Karnataka,Product E,Industrial,SP022,773000.0,582500.0,-190500.0,75.4,Missed
2024,1,January,Q1,South,Tamil Nadu,Product E,Industrial,SP002,975000.0,998800.0,23800.0,102.4,Achieved
2024,1,January,Q1,South,Telangana,Product E,Industrial,SP022,593000.0,580100.0,-12900.0,97.8,Missed
2024,1,January,Q1,South,Kerala,Product E,Industrial,SP006,442000.0,329900.0,-112100.0,74.6,Missed
2024,1,January,Q1,East,West Bengal,Product A,FMCG,SP018,738000.0,691900.0,-46100.0,93.7,Missed
2024,1,January,Q1,East,Odisha,Product A,FMCG,SP003,960000.0,955100.0,-4900.0,99.5,Missed
2024,1,January,Q1,East,Bihar,Product A,FMCG,SP020,868000.0,803300.0,-64700.0,92.5,Missed
2024,1,January,Q1,East,Jharkhand,Product A,FMCG,SP029,465000.0,413800.0,-51200.0,89.0,Missed
2024,1,January,Q1,East,West Bengal,Product B,FMCG,SP012,631000.0,510000.0,-121000.0,80.8,Missed
2024,1,January,Q1,East,Odisha,Product B,FMCG,SP029,752000.0,730300.0,-21700.0,97.1,Missed
2024,1,January,Q1,East,Bihar,Product B,FMCG,SP014,357000.0,287900.0,-69100.0,80.6,Missed
2024,1,January,Q1,East,Jharkhand,Product B,FMCG,SP009,597000.0,599900.0,2900.0,100.5,Achieved
2024,1,January,Q1,East,West Bengal,Product C,Pharma,SP007,637000.0,587700.0,-49300.0,92.3,Missed
2024,1,January,Q1,East,Odisha,Product C,Pharma,SP010,580000.0,485100.0,-94900.0,83.6,Missed
2024,1,January,Q1,East,Bihar,Product C,Pharma,SP015,918000.0,459000.0,-459000.0,50.0,Missed
2024,1,January,Q1,East,Jharkhand,Product C,Pharma,SP026,474000.0,627200.0,153200.0,132.3,Achieved
2024,1,January,Q1,East,West Bengal,Product D,Pharma,SP012,673000.0,589400.0,-83600.0,87.6,Missed
2024,1,January,Q1,East,Odisha,Product D,Pharma,SP028,931000.0,693800.0,-237200.0,74.5,Missed
2024,1,January,Q1,East,Bihar,Product D,Pharma,SP020,776000.0,604700.0,-171300.0,77.9,Missed
2024,1,January,Q1,East,Jharkhand,Product D,Pharma,SP017,439000.0,359900.0,-79100.0,82.0,Missed
2024,1,January,Q1,East,West Bengal,Product E,Industrial,SP024,670000.0,662700.0,-7300.0,98.9,Missed
2024,1,January,Q1,East,Odisha,Product E,Industrial,SP023,803000.0,852900.0,49900.0,106.2,Achieved
2024,1,January,Q1,East,Bihar,Product E,Industrial,SP018,369000.0,340200.0,-28800.0,92.2,Missed
2024,1,January,Q1,East,Jharkhand,Product E,Industrial,SP012,435000.0,459700.0,24700.0,105.7,Achieved
2024,1,January,Q1,West,Maharashtra,Product A,FMCG,SP019,881000.0,937100.0,56100.0,106.4,Achieved
2024,1,January,Q1,West,Gujarat,Product A,FMCG,SP030,733000.0,693100.0,-39900.0,94.6,Missed
2024,1,January,Q1,West,Rajasthan,Product A,FMCG,SP014,823000.0,711500.0,-111500.0,86.4,Missed
2024,1,January,Q1,West,Goa,Product A,FMCG,SP009,629000.0,519200.0,-109800.0,82.5,Missed
2024,1,January,Q1,West,Maharashtra,Product B,FMCG,SP017,503000.0,433700.0,-69300.0,86.2,Missed
2024,1,January,Q1,West,Gujarat,Product B,FMCG,SP010,988000.0,956000.0,-32000.0,96.8,Missed
2024,1,January,Q1,West,Rajasthan,Product B,FMCG,SP010,559000.0,602100.0,43100.0,107.7,Achieved
2024,1,January,Q1,West,Goa,Product B,FMCG,SP007,474000.0,548700.0,74700.0,115.8,Achieved
2024,1,January,Q1,West,Maharashtra,Product C,Pharma,SP006,498000.0,330300.0,-167700.0,66.3,Missed
2024,1,January,Q1,West,Gujarat,Product C,Pharma,SP004,506000.0,479600.0,-26400.0,94.8,Missed
2024,1,January,Q1,West,Rajasthan,Product C,Pharma,SP002,504000.0,407700.0,-96300.0,80.9,Missed
2024,1,January,Q1,West,Goa,Product C,Pharma,SP014,832000.0,869600.0,37600.0,104.5,Achieved
2024,1,January,Q1,West,Maharashtra,Product D,Pharma,SP019,416000.0,319200.0,-96800.0,76.7,Missed
2024,1,January,Q1,West,Gujarat,Product D,Pharma,SP025,637000.0,682000.0,45000.0,107.1,Achieved
2024,1,January,Q1,West,Rajasthan,Product D,Pharma,SP028,978000.0,1105600.0,127600.0,113.0,Achieved
2024,1,January,Q1,West,Goa,Product D,Pharma,SP028,354000.0,189400.0,-164600.0,53.5,Missed
2024,1,January,Q1,West,Maharashtra,Product E,Industrial,SP013,401000.0,460600.0,59600.0,114.9,Achieved
2024,1,January,Q1,West,Gujarat,Product E,Industrial,SP013,332000.0,299500.0,-32500.0,90.2,Missed
2024,1,January,Q1,West,Rajasthan,Product E,Industrial,SP015,763000.0,630800.0,-132200.0,82.7,Missed
2024,1,January,Q1,West,Goa,Product E,Industrial,SP015,449000.0,396300.0,-52700.0,88.3,Missed
2024,1,January,Q1,Central,MP,Product A,FMCG,SP002,272000.0,247300.0,-24700.0,90.9,Missed
2024,1,January,Q1,Central,Chhattisgarh,Product A,FMCG,SP018,676000.0,653800.0,-22200.0,96.7,Missed
2024,1,January,Q1,Central,Uttarakhand,Product A,FMCG,SP019,719000.0,746200.0,27200.0,103.8,Achieved
2024,1,January,Q1,Central,MP,Product B,FMCG,SP022,975000.0,913000.0,-62000.0,93.6,Missed
2024,1,January,Q1,Central,Chhattisgarh,Product B,FMCG,SP020,437000.0,390000.0,-47000.0,89.2,Missed
2024,1,January,Q1,Central,Uttarakhand,Product B,FMCG,SP002,341000.0,280100.0,-60900.0,82.2,Missed
2024,1,January,Q1,Central,MP,Product C,Pharma,SP002,522000.0,550400.0,28400.0,105.4,Achieved
2024,1,January,Q1,Central,Chhattisgarh,Product C,Pharma,SP016,701000.0,596500.0,-104500.0,85.1,Missed
2024,1,January,Q1,Central,Uttarakhand,Product C,Pharma,SP008,762000.0,652600.0,-109400.0,85.6,Missed
2024,1,January,Q1,Central,MP,Product D,Pharma,SP010,457000.0,406200.0,-50800.0,88.9,Missed
2024,1,January,Q1,Central,Chhattisgarh,Product D,Pharma,SP022,473000.0,303200.0,-169800.0,64.1,Missed
2024,1,January,Q1,Central,Uttarakhand,Product D,Pharma,SP023,536000.0,659500.0,123500.0,123.0,Achieved
2024,1,January,Q1,Central,MP,Product E,Industrial,SP019,963000.0,848200.0,-114800.0,88.1,Missed
2024,1,January,Q1,Central,Chhattisgarh,Product E,Industrial,SP013,352000.0,318000.0,-34000.0,90.3,Missed
2024,1,January,Q1,Central,Uttarakhand,Product E,Industrial,SP004,353000.0,283500.0,-69500.0,80.3,Missed
2024,2,February,Q1,North,Delhi,Product A,FMCG,SP015,433000.0,372800.0,-60200.0,86.1,Missed
2024,2,February,Q1,North,Punjab,Product A,FMCG,SP029,462000.0,440500.0,-21500.0,95.3,Missed
2024,2,February,Q1,North,Haryana,Product A,FMCG,SP018,451000.0,316900.0,-134100.0,70.3,Missed
2024,2,February,Q1,North,UP,Product A,FMCG,SP022,863000.0,736800.0,-126200.0,85.4,Missed
2024,2,February,Q1,North,Delhi,Product B,FMCG,SP001,407000.0,318500.0,-88500.0,78.3,Missed
2024,2,February,Q1,North,Punjab,Product B,FMCG,SP018,773000.0,825800.0,52800.0,106.8,Achieved
2024,2,February,Q1,North,Haryana,Product B,FMCG,SP028,749000.0,839800.0,90800.0,112.1,Achieved
2024,2,February,Q1,North,UP,Product B,FMCG,SP007,942000.0,912300.0,-29700.0,96.8,Missed
2024,2,February,Q1,North,Delhi,Product C,Pharma,SP012,412000.0,360800.0,-51200.0,87.6,Missed
2024,2,February,Q1,North,Punjab,Product C,Pharma,SP010,445000.0,388700.0,-56300.0,87.3,Missed
2024,2,February,Q1,North,Haryana,Product C,Pharma,SP027,986000.0,1256700.0,270700.0,127.5,Achieved
2024,2,February,Q1,North,UP,Product C,Pharma,SP025,294000.0,323200.0,29200.0,109.9,Achieved
2024,2,February,Q1,North,Delhi,Product D,Pharma,SP012,590000.0,652500.0,62500.0,110.6,Achieved
2024,2,February,Q1,North,Punjab,Product D,Pharma,SP009,378000.0,309200.0,-68800.0,81.8,Missed
2024,2,February,Q1,North,Haryana,Product D,Pharma,SP003,453000.0,416600.0,-36400.0,92.0,Missed
2024,2,February,Q1,North,UP,Product D,Pharma,SP017,614000.0,561100.0,-52900.0,91.4,Missed
2024,2,February,Q1,North,Delhi,Product E,Industrial,SP021,547000.0,381100.0,-165900.0,69.7,Missed
2024,2,February,Q1,North,Punjab,Product E,Industrial,SP013,860000.0,819200.0,-40800.0,95.3,Missed
2024,2,February,Q1,North,Haryana,Product E,Industrial,SP007,576000.0,683100.0,107100.0,118.6,Achieved
2024,2,February,Q1,North,UP,Product E,Industrial,SP010,632000.0,646800.0,14800.0,102.3,Achieved
2024,2,February,Q1,South,Karnataka,Product A,FMCG,SP009,772000.0,689700.0,-82300.0,89.3,Missed
2024,2,February,Q1,South,Tamil Nadu,Product A,FMCG,SP003,811000.0,852700.0,41700.0,105.1,Achieved
2024,2,February,Q1,South,Telangana,Product A,FMCG,SP013,878000.0,1050800.0,172800.0,119.7,Achieved
2024,2,February,Q1,South,Kerala,Product A,FMCG,SP004,587000.0,472200.0,-114800.0,80.4,Missed
2024,2,February,Q1,South,Karnataka,Product B,FMCG,SP020,272000.0,249500.0,-22500.0,91.7,Missed
2024,2,February,Q1,South,Tamil Nadu,Product B,FMCG,SP016,1069000.0,671100.0,-397900.0,62.8,Missed
2024,2,February,Q1,South,Telangana,Product B,FMCG,SP018,369000.0,303400.0,-65600.0,82.2,Missed
2024,2,February,Q1,South,Kerala,Product B,FMCG,SP027,605000.0,669400.0,64400.0,110.6,Achieved
2024,2,February,Q1,South,Karnataka,Product C,Pharma,SP005,444000.0,483700.0,39700.0,108.9,Achieved
2024,2,February,Q1,South,Tamil Nadu,Product C,Pharma,SP027,679000.0,777300.0,98300.0,114.5,Achieved
2024,2,February,Q1,South,Telangana,Product C,Pharma,SP015,599000.0,669800.0,70800.0,111.8,Achieved
2024,2,February,Q1,South,Kerala,Product C,Pharma,SP003,647000.0,697400.0,50400.0,107.8,Achieved
2024,2,February,Q1,South,Karnataka,Product D,Pharma,SP006,724000.0,604000.0,-120000.0,83.4,Missed
2024,2,February,Q1,South,Tamil Nadu,Product D,Pharma,SP016,631000.0,412000.0,-219000.0,65.3,Missed
2024,2,February,Q1,South,Telangana,Product D,Pharma,SP011,695000.0,680200.0,-14800.0,97.9,Missed
2024,2,February,Q1,South,Kerala,Product D,Pharma,SP020,986000.0,879500.0,-106500.0,89.2,Missed
2024,2,February,Q1,South,Karnataka,Product E,Industrial,SP030,682000.0,803400.0,121400.0,117.8,Achieved
2024,2,February,Q1,South,Tamil Nadu,Product E,Industrial,SP007,824000.0,504900.0,-319100.0,61.3,Missed
2024,2,February,Q1,South,Telangana,Product E,Industrial,SP016,516000.0,495600.0,-20400.0,96.0,Missed
2024,2,February,Q1,South,Kerala,Product E,Industrial,SP004,384000.0,343600.0,-40400.0,89.5,Missed
2024,2,February,Q1,East,West Bengal,Product A,FMCG,SP019,893000.0,749000.0,-144000.0,83.9,Missed
2024,2,February,Q1,East,Odisha,Product A,FMCG,SP005,735000.0,525600.0,-209400.0,71.5,Missed
2024,2,February,Q1,East,Bihar,Product A,FMCG,SP028,548000.0,583800.0,35800.0,106.5,Achieved
2024,2,February,Q1,East,Jharkhand,Product A,FMCG,SP006,1024000.0,865500.0,-158500.0,84.5,Missed
2024,2,February,Q1,East,West Bengal,Product B,FMCG,SP029,689000.0,622700.0,-66300.0,90.4,Missed
2024,2,February,Q1,East,Odisha,Product B,FMCG,SP018,635000.0,364900.0,-270100.0,57.5,Missed
2024,2,February,Q1,East,Bihar,Product B,FMCG,SP004,283000.0,310200.0,27200.0,109.6,Achieved
2024,2,February,Q1,East,Jharkhand,Product B,FMCG,SP020,562000.0,534300.0,-27700.0,95.1,Missed
2024,2,February,Q1,East,West Bengal,Product C,Pharma,SP002,270000.0,265700.0,-4300.0,98.4,Missed
2024,2,February,Q1,East,Odisha,Product C,Pharma,SP003,817000.0,673400.0,-143600.0,82.4,Missed
2024,2,February,Q1,East,Bihar,Product C,Pharma,SP001,319000.0,297300.0,-21700.0,93.2,Missed
2024,2,February,Q1,East,Jharkhand,Product C,Pharma,SP014,626000.0,559100.0,-66900.0,89.3,Missed
2024,2,February,Q1,East,West Bengal,Product D,Pharma,SP027,562000.0,698300.0,136300.0,124.3,Achieved
2024,2,February,Q1,East,Odisha,Product D,Pharma,SP020,579000.0,678900.0,99900.0,117.3,Achieved
2024,2,February,Q1,East,Bihar,Product D,Pharma,SP022,632000.0,718900.0,86900.0,113.8,Achieved
2024,2,February,Q1,East,Jharkhand,Product D,Pharma,SP004,777000.0,703700.0,-73300.0,90.6,Missed
2024,2,February,Q1,East,West Bengal,Product E,Industrial,SP021,407000.0,373400.0,-33600.0,91.7,Missed
2024,2,February,Q1,East,Odisha,Product E,Industrial,SP015,1014000.0,860600.0,-153400.0,84.9,Missed
2024,2,February,Q1,East,Bihar,Product E,Industrial,SP004,675000.0,603000.0,-72000.0,89.3,Missed
2024,2,February,Q1,East,Jharkhand,Product E,Industrial,SP015,471000.0,472500.0,1500.0,100.3,Achieved
2024,2,February,Q1,West,Maharashtra,Product A,FMCG,SP027,394000.0,343100.0,-50900.0,87.1,Missed
2024,2,February,Q1,West,Gujarat,Product A,FMCG,SP022,327000.0,299700.0,-27300.0,91.6,Missed
2024,2,February,Q1,West,Rajasthan,Product A,FMCG,SP026,727000.0,838600.0,111600.0,115.4,Achieved
2024,2,February,Q1,West,Goa,Product A,FMCG,SP001,516000.0,428200.0,-87800.0,83.0,Missed
2024,2,February,Q1,West,Maharashtra,Product B,FMCG,SP002,340000.0,271400.0,-68600.0,79.8,Missed
2024,2,February,Q1,West,Gujarat,Product B,FMCG,SP002,642000.0,390500.0,-251500.0,60.8,Missed
2024,2,February,Q1,West,Rajasthan,Product B,FMCG,SP006,300000.0,314800.0,14800.0,104.9,Achieved
2024,2,February,Q1,West,Goa,Product B,FMCG,SP013,812000.0,941100.0,129100.0,115.9,Achieved
2024,2,February,Q1,West,Maharashtra,Product C,Pharma,SP003,575000.0,663600.0,88600.0,115.4,Achieved
2024,2,February,Q1,West,Gujarat,Product C,Pharma,SP007,923000.0,883200.0,-39800.0,95.7,Missed
2024,2,February,Q1,West,Rajasthan,Product C,Pharma,SP029,483000.0,402700.0,-80300.0,83.4,Missed
2024,2,February,Q1,West,Goa,Product C,Pharma,SP021,606000.0,734000.0,128000.0,121.1,Achieved
2024,2,February,Q1,West,Maharashtra,Product D,Pharma,SP022,753000.0,674800.0,-78200.0,89.6,Missed
2024,2,February,Q1,West,Gujarat,Product D,Pharma,SP024,532000.0,504200.0,-27800.0,94.8,Missed
2024,2,February,Q1,West,Rajasthan,Product D,Pharma,SP028,824000.0,609300.0,-214700.0,73.9,Missed
2024,2,February,Q1,West,Goa,Product D,Pharma,SP004,757000.0,618600.0,-138400.0,81.7,Missed
2024,2,February,Q1,West,Maharashtra,Product E,Industrial,SP009,940000.0,879600.0,-60400.0,93.6,Missed
2024,2,February,Q1,West,Gujarat,Product E,Industrial,SP001,327000.0,263000.0,-64000.0,80.4,Missed
2024,2,February,Q1,West,Rajasthan,Product E,Industrial,SP011,902000.0,606300.0,-295700.0,67.2,Missed
2024,2,February,Q1,West,Goa,Product E,Industrial,SP005,608000.0,445800.0,-162200.0,73.3,Missed
2024,2,February,Q1,Central,MP,Product A,FMCG,SP021,841000.0,653900.0,-187100.0,77.8,Missed
2024,2,February,Q1,Central,Chhattisgarh,Product A,FMCG,SP023,277000.0,256300.0,-20700.0,92.5,Missed
2024,2,February,Q1,Central,Uttarakhand,Product A,FMCG,SP015,718000.0,744200.0,26200.0,103.6,Achieved
2024,2,February,Q1,Central,MP,Product B,FMCG,SP019,909000.0,863300.0,-45700.0,95.0,Missed
2024,2,February,Q1,Central,Chhattisgarh,Product B,FMCG,SP018,441000.0,443400.0,2400.0,100.5,Achieved
2024,2,February,Q1,Central,Uttarakhand,Product B,FMCG,SP015,362000.0,355000.0,-7000.0,98.1,Missed
2024,2,February,Q1,Central,MP,Product C,Pharma,SP004,321000.0,283000.0,-38000.0,88.2,Missed
2024,2,February,Q1,Central,Chhattisgarh,Product C,Pharma,SP013,524000.0,445300.0,-78700.0,85.0,Missed
2024,2,February,Q1,Central,Uttarakhand,Product C,Pharma,SP026,429000.0,415700.0,-13300.0,96.9,Missed
2024,2,February,Q1,Central,MP,Product D,Pharma,SP024,342000.0,313500.0,-28500.0,91.7,Missed
2024,2,February,Q1,Central,Chhattisgarh,Product D,Pharma,SP029,1002000.0,820600.0,-181400.0,81.9,Missed
2024,2,February,Q1,Central,Uttarakhand,Product D,Pharma,SP029,1008000.0,1045900.0,37900.0,103.8,Achieved
2024,2,February,Q1,Central,MP,Product E,Industrial,SP028,704000.0,857100.0,153100.0,121.7,Achieved
2024,2,February,Q1,Central,Chhattisgarh,Product E,Industrial,SP013,449000.0,356600.0,-92400.0,79.4,Missed
2024,2,February,Q1,Central,Uttarakhand,Product E,Industrial,SP024,600000.0,596400.0,-3600.0,99.4,Missed
2024,3,March,Q1,North,Delhi,Product A,FMCG,SP028,642000.0,586100.0,-55900.0,91.3,Missed
2024,3,March,Q1,North,Punjab,Product A,FMCG,SP001,477000.0,386500.0,-90500.0,81.0,Missed
2024,3,March,Q1,North,Haryana,Product A,FMCG,SP010,560000.0,410000.0,-150000.0,73.2,Missed
2024,3,March,Q1,North,UP,Product A,FMCG,SP019,1029000.0,1114100.0,85100.0,108.3,Achieved
2024,3,March,Q1,North,Delhi,Product B,FMCG,SP013,1119000.0,1043400.0,-75600.0,93.2,Missed
2024,3,March,Q1,North,Punjab,Product B,FMCG,SP002,360000.0,238500.0,-121500.0,66.3,Missed
2024,3,March,Q1,North,Haryana,Product B,FMCG,SP026,936000.0,1297000.0,361000.0,138.6,Achieved
2024,3,March,Q1,North,UP,Product B,FMCG,SP030,1160000.0,858600.0,-301400.0,74.0,Missed
2024,3,March,Q1,North,Delhi,Product C,Pharma,SP018,1031000.0,984800.0,-46200.0,95.5,Missed
2024,3,March,Q1,North,Punjab,Product C,Pharma,SP004,1184000.0,889400.0,-294600.0,75.1,Missed
2024,3,March,Q1,North,Haryana,Product C,Pharma,SP017,952000.0,969000.0,17000.0,101.8,Achieved
2024,3,March,Q1,North,UP,Product C,Pharma,SP011,967000.0,931800.0,-35200.0,96.4,Missed
2024,3,March,Q1,North,Delhi,Product D,Pharma,SP020,920000.0,822900.0,-97100.0,89.5,Missed
2024,3,March,Q1,North,Punjab,Product D,Pharma,SP001,343000.0,349400.0,6400.0,101.9,Achieved
2024,3,March,Q1,North,Haryana,Product D,Pharma,SP005,693000.0,658600.0,-34400.0,95.0,Missed
2024,3,March,Q1,North,UP,Product D,Pharma,SP010,600000.0,563600.0,-36400.0,93.9,Missed
2024,3,March,Q1,North,Delhi,Product E,Industrial,SP006,1102000.0,997800.0,-104200.0,90.5,Missed
2024,3,March,Q1,North,Punjab,Product E,Industrial,SP012,374000.0,352900.0,-21100.0,94.4,Missed
2024,3,March,Q1,North,Haryana,Product E,Industrial,SP004,442000.0,445200.0,3200.0,100.7,Achieved
2024,3,March,Q1,North,UP,Product E,Industrial,SP023,989000.0,1325300.0,336300.0,134.0,Achieved
2024,3,March,Q1,South,Karnataka,Product A,FMCG,SP013,1041000.0,981700.0,-59300.0,94.3,Missed
2024,3,March,Q1,South,Tamil Nadu,Product A,FMCG,SP009,509000.0,457500.0,-51500.0,89.9,Missed
2024,3,March,Q1,South,Telangana,Product A,FMCG,SP022,876000.0,979300.0,103300.0,111.8,Achieved
2024,3,March,Q1,South,Kerala,Product A,FMCG,SP007,593000.0,614900.0,21900.0,103.7,Achieved
2024,3,March,Q1,South,Karnataka,Product B,FMCG,SP016,1079000.0,1031100.0,-47900.0,95.6,Missed
2024,3,March,Q1,South,Tamil Nadu,Product B,FMCG,SP024,830000.0,769500.0,-60500.0,92.7,Missed
2024,3,March,Q1,South,Telangana,Product B,FMCG,SP001,435000.0,432300.0,-2700.0,99.4,Missed
2024,3,March,Q1,South,Kerala,Product B,FMCG,SP018,462000.0,399100.0,-62900.0,86.4,Missed
2024,3,March,Q1,South,Karnataka,Product C,Pharma,SP014,618000.0,495800.0,-122200.0,80.2,Missed
2024,3,March,Q1,South,Tamil Nadu,Product C,Pharma,SP023,640000.0,553200.0,-86800.0,86.4,Missed
2024,3,March,Q1,South,Telangana,Product C,Pharma,SP001,713000.0,587400.0,-125600.0,82.4,Missed
2024,3,March,Q1,South,Kerala,Product C,Pharma,SP018,1010000.0,774800.0,-235200.0,76.7,Missed
2024,3,March,Q1,South,Karnataka,Product D,Pharma,SP030,481000.0,473100.0,-7900.0,98.4,Missed
2024,3,March,Q1,South,Tamil Nadu,Product D,Pharma,SP018,695000.0,530000.0,-165000.0,76.3,Missed
2024,3,March,Q1,South,Telangana,Product D,Pharma,SP013,708000.0,550600.0,-157400.0,77.8,Missed
2024,3,March,Q1,South,Kerala,Product D,Pharma,SP007,420000.0,345800.0,-74200.0,82.3,Missed
2024,3,March,Q1,South,Karnataka,Product E,Industrial,SP005,607000.0,728000.0,121000.0,119.9,Achieved
2024,3,March,Q1,South,Tamil Nadu,Product E,Industrial,SP014,853000.0,798500.0,-54500.0,93.6,Missed
2024,3,March,Q1,South,Telangana,Product E,Industrial,SP014,843000.0,650800.0,-192200.0,77.2,Missed
2024,3,March,Q1,South,Kerala,Product E,Industrial,SP019,1020000.0,905900.0,-114100.0,88.8,Missed
2024,3,March,Q1,East,West Bengal,Product A,FMCG,SP004,556000.0,457300.0,-98700.0,82.3,Missed
2024,3,March,Q1,East,Odisha,Product A,FMCG,SP012,721000.0,686800.0,-34200.0,95.3,Missed
2024,3,March,Q1,East,Bihar,Product A,FMCG,SP027,306000.0,249700.0,-56300.0,81.6,Missed
2024,3,March,Q1,East,Jharkhand,Product A,FMCG,SP004,604000.0,559200.0,-44800.0,92.6,Missed
2024,3,March,Q1,East,West Bengal,Product B,FMCG,SP008,1081000.0,1160600.0,79600.0,107.4,Achieved
2024,3,March,Q1,East,Odisha,Product B,FMCG,SP027,1009000.0,1210700.0,201700.0,120.0,Achieved
2024,3,March,Q1,East,Bihar,Product B,FMCG,SP008,930000.0,881800.0,-48200.0,94.8,Missed
2024,3,March,Q1,East,Jharkhand,Product B,FMCG,SP013,934000.0,1081000.0,147000.0,115.7,Achieved
2024,3,March,Q1,East,West Bengal,Product C,Pharma,SP020,802000.0,525700.0,-276300.0,65.5,Missed
2024,3,March,Q1,East,Odisha,Product C,Pharma,SP030,832000.0,884600.0,52600.0,106.3,Achieved
2024,3,March,Q1,East,Bihar,Product C,Pharma,SP030,740000.0,614100.0,-125900.0,83.0,Missed
2024,3,March,Q1,East,Jharkhand,Product C,Pharma,SP001,829000.0,829400.0,400.0,100.0,Achieved
2024,3,March,Q1,East,West Bengal,Product D,Pharma,SP026,850000.0,891800.0,41800.0,104.9,Achieved
2024,3,March,Q1,East,Odisha,Product D,Pharma,SP026,622000.0,497300.0,-124700.0,79.9,Missed
2024,3,March,Q1,East,Bihar,Product D,Pharma,SP007,1037000.0,1045600.0,8600.0,100.8,Achieved
2024,3,March,Q1,East,Jharkhand,Product D,Pharma,SP027,343000.0,309100.0,-33900.0,90.1,Missed
2024,3,March,Q1,East,West Bengal,Product E,Industrial,SP004,986000.0,622500.0,-363500.0,63.1,Missed
2024,3,March,Q1,East,Odisha,Product E,Industrial,SP006,336000.0,286300.0,-49700.0,85.2,Missed
2024,3,March,Q1,East,Bihar,Product E,Industrial,SP017,634000.0,510800.0,-123200.0,80.6,Missed
2024,3,March,Q1,East,Jharkhand,Product E,Industrial,SP001,632000.0,414300.0,-217700.0,65.6,Missed
2024,3,March,Q1,West,Maharashtra,Product A,FMCG,SP030,1105000.0,943000.0,-162000.0,85.3,Missed
2024,3,March,Q1,West,Gujarat,Product A,FMCG,SP024,516000.0,444700.0,-71300.0,86.2,Missed
2024,3,March,Q1,West,Rajasthan,Product A,FMCG,SP009,728000.0,619400.0,-108600.0,85.1,Missed
2024,3,March,Q1,West,Goa,Product A,FMCG,SP007,779000.0,823600.0,44600.0,105.7,Achieved
2024,3,March,Q1,West,Maharashtra,Product B,FMCG,SP007,358000.0,390600.0,32600.0,109.1,Achieved
2024,3,March,Q1,West,Gujarat,Product B,FMCG,SP025,980000.0,874500.0,-105500.0,89.2,Missed
2024,3,March,Q1,West,Rajasthan,Product B,FMCG,SP024,492000.0,485200.0,-6800.0,98.6,Missed
2024,3,March,Q1,West,Goa,Product B,FMCG,SP014,399000.0,379600.0,-19400.0,95.1,Missed
2024,3,March,Q1,West,Maharashtra,Product C,Pharma,SP023,497000.0,573700.0,76700.0,115.4,Achieved
2024,3,March,Q1,West,Gujarat,Product C,Pharma,SP016,663000.0,612400.0,-50600.0,92.4,Missed
2024,3,March,Q1,West,Rajasthan,Product C,Pharma,SP008,974000.0,895400.0,-78600.0,91.9,Missed
2024,3,March,Q1,West,Goa,Product C,Pharma,SP014,683000.0,596900.0,-86100.0,87.4,Missed
2024,3,March,Q1,West,Maharashtra,Product D,Pharma,SP017,737000.0,810500.0,73500.0,110.0,Achieved
2024,3,March,Q1,West,Gujarat,Product D,Pharma,SP026,1166000.0,880800.0,-285200.0,75.5,Missed
2024,3,March,Q1,West,Rajasthan,Product D,Pharma,SP008,1023000.0,841600.0,-181400.0,82.3,Missed
2024,3,March,Q1,West,Goa,Product D,Pharma,SP005,1178000.0,910600.0,-267400.0,77.3,Missed
2024,3,March,Q1,West,Maharashtra,Product E,Industrial,SP028,440000.0,490500.0,50500.0,111.5,Achieved
2024,3,March,Q1,West,Gujarat,Product E,Industrial,SP026,324000.0,389500.0,65500.0,120.2,Achieved
2024,3,March,Q1,West,Rajasthan,Product E,Industrial,SP023,598000.0,600100.0,2100.0,100.3,Achieved
2024,3,March,Q1,West,Goa,Product E,Industrial,SP016,1007000.0,851700.0,-155300.0,84.6,Missed
2024,3,March,Q1,Central,MP,Product A,FMCG,SP026,1068000.0,1061100.0,-6900.0,99.4,Missed
2024,3,March,Q1,Central,Chhattisgarh,Product A,FMCG,SP029,568000.0,414600.0,-153400.0,73.0,Missed
2024,3,March,Q1,Central,Uttarakhand,Product A,FMCG,SP004,913000.0,945200.0,32200.0,103.5,Achieved
2024,3,March,Q1,Central,MP,Product B,FMCG,SP008,998000.0,1255100.0,257100.0,125.8,Achieved
2024,3,March,Q1,Central,Chhattisgarh,Product B,FMCG,SP009,976000.0,976900.0,900.0,100.1,Achieved
2024,3,March,Q1,Central,Uttarakhand,Product B,FMCG,SP025,323000.0,313400.0,-9600.0,97.0,Missed
2024,3,March,Q1,Central,MP,Product C,Pharma,SP018,1161000.0,844300.0,-316700.0,72.7,Missed
2024,3,March,Q1,Central,Chhattisgarh,Product C,Pharma,SP024,1135000.0,1256800.0,121800.0,110.7,Achieved
2024,3,March,Q1,Central,Uttarakhand,Product C,Pharma,SP008,717000.0,720300.0,3300.0,100.5,Achieved
2024,3,March,Q1,Central,MP,Product D,Pharma,SP008,1077000.0,1027100.0,-49900.0,95.4,Missed
2024,3,March,Q1,Central,Chhattisgarh,Product D,Pharma,SP027,386000.0,306700.0,-79300.0,79.5,Missed
2024,3,March,Q1,Central,Uttarakhand,Product D,Pharma,SP015,1190000.0,1146500.0,-43500.0,96.3,Missed
2024,3,March,Q1,Central,MP,Product E,Industrial,SP007,857000.0,589900.0,-267100.0,68.8,Missed
2024,3,March,Q1,Central,Chhattisgarh,Product E,Industrial,SP015,451000.0,497600.0,46600.0,110.3,Achieved
2024,3,March,Q1,Central,Uttarakhand,Product E,Industrial,SP004,540000.0,511600.0,-28400.0,94.7,Missed
2024,4,April,Q2,North,Delhi,Product A,FMCG,SP023,1193000.0,1060500.0,-132500.0,88.9,Missed
2024,4,April,Q2,North,Punjab,Product A,FMCG,SP018,1272000.0,1120200.0,-151800.0,88.1,Missed
2024,4,April,Q2,North,Haryana,Product A,FMCG,SP015,411000.0,399600.0,-11400.0,97.2,Missed
2024,4,April,Q2,North,UP,Product A,FMCG,SP028,763000.0,470000.0,-293000.0,61.6,Missed
2024,4,April,Q2,North,Delhi,Product B,FMCG,SP007,982000.0,966900.0,-15100.0,98.5,Missed
2024,4,April,Q2,North,Punjab,Product B,FMCG,SP012,741000.0,498100.0,-242900.0,67.2,Missed
2024,4,April,Q2,North,Haryana,Product B,FMCG,SP015,459000.0,430700.0,-28300.0,93.8,Missed
2024,4,April,Q2,North,UP,Product B,FMCG,SP003,528000.0,500400.0,-27600.0,94.8,Missed
2024,4,April,Q2,North,Delhi,Product C,Pharma,SP011,703000.0,552500.0,-150500.0,78.6,Missed
2024,4,April,Q2,North,Punjab,Product C,Pharma,SP001,1190000.0,1076800.0,-113200.0,90.5,Missed
2024,4,April,Q2,North,Haryana,Product C,Pharma,SP015,845000.0,660100.0,-184900.0,78.1,Missed
2024,4,April,Q2,North,UP,Product C,Pharma,SP011,598000.0,628100.0,30100.0,105.0,Achieved
2024,4,April,Q2,North,Delhi,Product D,Pharma,SP024,1121000.0,983800.0,-137200.0,87.8,Missed
2024,4,April,Q2,North,Punjab,Product D,Pharma,SP014,1319000.0,956500.0,-362500.0,72.5,Missed
2024,4,April,Q2,North,Haryana,Product D,Pharma,SP008,837000.0,668200.0,-168800.0,79.8,Missed
2024,4,April,Q2,North,UP,Product D,Pharma,SP014,772000.0,683600.0,-88400.0,88.6,Missed
2024,4,April,Q2,North,Delhi,Product E,Industrial,SP004,647000.0,599700.0,-47300.0,92.7,Missed
2024,4,April,Q2,North,Punjab,Product E,Industrial,SP027,947000.0,880400.0,-66600.0,93.0,Missed
2024,4,April,Q2,North,Haryana,Product E,Industrial,SP003,483000.0,511700.0,28700.0,106.0,Achieved
2024,4,April,Q2,North,UP,Product E,Industrial,SP003,406000.0,496600.0,90600.0,122.3,Achieved
2024,4,April,Q2,South,Karnataka,Product A,FMCG,SP024,1103000.0,1021500.0,-81500.0,92.6,Missed
2024,4,April,Q2,South,Tamil Nadu,Product A,FMCG,SP020,492000.0,400700.0,-91300.0,81.4,Missed
2024,4,April,Q2,South,Telangana,Product A,FMCG,SP011,1140000.0,1334500.0,194500.0,117.1,Achieved
2024,4,April,Q2,South,Kerala,Product A,FMCG,SP011,1036000.0,1216600.0,180600.0,117.4,Achieved
2024,4,April,Q2,South,Karnataka,Product B,FMCG,SP025,1073000.0,854800.0,-218200.0,79.7,Missed
2024,4,April,Q2,South,Tamil Nadu,Product B,FMCG,SP012,400000.0,506500.0,106500.0,126.6,Achieved
2024,4,April,Q2,South,Telangana,Product B,FMCG,SP011,418000.0,367300.0,-50700.0,87.9,Missed
2024,4,April,Q2,South,Kerala,Product B,FMCG,SP005,927000.0,972100.0,45100.0,104.9,Achieved
2024,4,April,Q2,South,Karnataka,Product C,Pharma,SP008,607000.0,379400.0,-227600.0,62.5,Missed
2024,4,April,Q2,South,Tamil Nadu,Product C,Pharma,SP001,378000.0,330200.0,-47800.0,87.4,Missed
2024,4,April,Q2,South,Telangana,Product C,Pharma,SP009,884000.0,967200.0,83200.0,109.4,Achieved
2024,4,April,Q2,South,Kerala,Product C,Pharma,SP020,1094000.0,767500.0,-326500.0,70.2,Missed
2024,4,April,Q2,South,Karnataka,Product D,Pharma,SP014,520000.0,423900.0,-96100.0,81.5,Missed
2024,4,April,Q2,South,Tamil Nadu,Product D,Pharma,SP014,1084000.0,1152300.0,68300.0,106.3,Achieved
2024,4,April,Q2,South,Telangana,Product D,Pharma,SP026,873000.0,826100.0,-46900.0,94.6,Missed
2024,4,April,Q2,South,Kerala,Product D,Pharma,SP028,989000.0,901300.0,-87700.0,91.1,Missed
2024,4,April,Q2,South,Karnataka,Product E,Industrial,SP007,678000.0,581100.0,-96900.0,85.7,Missed
2024,4,April,Q2,South,Tamil Nadu,Product E,Industrial,SP023,1074000.0,961800.0,-112200.0,89.6,Missed
2024,4,April,Q2,South,Telangana,Product E,Industrial,SP022,1074000.0,1260800.0,186800.0,117.4,Achieved
2024,4,April,Q2,South,Kerala,Product E,Industrial,SP010,1212000.0,1089200.0,-122800.0,89.9,Missed
2024,4,April,Q2,East,West Bengal,Product A,FMCG,SP003,392000.0,382000.0,-10000.0,97.4,Missed
2024,4,April,Q2,East,Odisha,Product A,FMCG,SP026,444000.0,457600.0,13600.0,103.1,Achieved
2024,4,April,Q2,East,Bihar,Product A,FMCG,SP007,1215000.0,1333900.0,118900.0,109.8,Achieved
2024,4,April,Q2,East,Jharkhand,Product A,FMCG,SP015,1254000.0,989000.0,-265000.0,78.9,Missed
2024,4,April,Q2,East,West Bengal,Product B,FMCG,SP015,1171000.0,1073700.0,-97300.0,91.7,Missed
2024,4,April,Q2,East,Odisha,Product B,FMCG,SP030,993000.0,690400.0,-302600.0,69.5,Missed
2024,4,April,Q2,East,Bihar,Product B,FMCG,SP027,1172000.0,1216200.0,44200.0,103.8,Achieved
2024,4,April,Q2,East,Jharkhand,Product B,FMCG,SP019,1082000.0,698400.0,-383600.0,64.6,Missed
2024,4,April,Q2,East,West Bengal,Product C,Pharma,SP011,349000.0,215500.0,-133500.0,61.8,Missed
2024,4,April,Q2,East,Odisha,Product C,Pharma,SP021,1160000.0,1002000.0,-158000.0,86.4,Missed
2024,4,April,Q2,East,Bihar,Product C,Pharma,SP013,1285000.0,1205700.0,-79300.0,93.8,Missed
2024,4,April,Q2,East,Jharkhand,Product C,Pharma,SP013,359000.0,307900.0,-51100.0,85.8,Missed
2024,4,April,Q2,East,West Bengal,Product D,Pharma,SP010,1282000.0,1203700.0,-78300.0,93.9,Missed
2024,4,April,Q2,East,Odisha,Product D,Pharma,SP028,761000.0,731100.0,-29900.0,96.1,Missed
2024,4,April,Q2,East,Bihar,Product D,Pharma,SP023,379000.0,252800.0,-126200.0,66.7,Missed
2024,4,April,Q2,East,Jharkhand,Product D,Pharma,SP025,825000.0,923500.0,98500.0,111.9,Achieved
2024,4,April,Q2,East,West Bengal,Product E,Industrial,SP015,572000.0,570500.0,-1500.0,99.7,Missed
2024,4,April,Q2,East,Odisha,Product E,Industrial,SP009,815000.0,816100.0,1100.0,100.1,Achieved
2024,4,April,Q2,East,Bihar,Product E,Industrial,SP011,347000.0,370600.0,23600.0,106.8,Achieved
2024,4,April,Q2,East,Jharkhand,Product E,Industrial,SP006,1256000.0,1433900.0,177900.0,114.2,Achieved
2024,4,April,Q2,West,Maharashtra,Product A,FMCG,SP010,760000.0,538500.0,-221500.0,70.9,Missed
2024,4,April,Q2,West,Gujarat,Product A,FMCG,SP020,791000.0,710300.0,-80700.0,89.8,Missed
2024,4,April,Q2,West,Rajasthan,Product A,FMCG,SP013,486000.0,424900.0,-61100.0,87.4,Missed
2024,4,April,Q2,West,Goa,Product A,FMCG,SP028,559000.0,437500.0,-121500.0,78.3,Missed
2024,4,April,Q2,West,Maharashtra,Product B,FMCG,SP014,1059000.0,1201400.0,142400.0,113.4,Achieved
2024,4,April,Q2,West,Gujarat,Product B,FMCG,SP016,404000.0,531900.0,127900.0,131.7,Achieved
2024,4,April,Q2,West,Rajasthan,Product B,FMCG,SP011,832000.0,845000.0,13000.0,101.6,Achieved
2024,4,April,Q2,West,Goa,Product B,FMCG,SP022,835000.0,732800.0,-102200.0,87.8,Missed
2024,4,April,Q2,West,Maharashtra,Product C,Pharma,SP027,527000.0,495000.0,-32000.0,93.9,Missed
2024,4,April,Q2,West,Gujarat,Product C,Pharma,SP018,731000.0,768400.0,37400.0,105.1,Achieved
2024,4,April,Q2,West,Rajasthan,Product C,Pharma,SP012,871000.0,821800.0,-49200.0,94.3,Missed
2024,4,April,Q2,West,Goa,Product C,Pharma,SP006,1162000.0,697200.0,-464800.0,60.0,Missed
2024,4,April,Q2,West,Maharashtra,Product D,Pharma,SP002,501000.0,504300.0,3300.0,100.7,Achieved
2024,4,April,Q2,West,Gujarat,Product D,Pharma,SP002,1094000.0,986800.0,-107200.0,90.2,Missed
2024,4,April,Q2,West,Rajasthan,Product D,Pharma,SP024,984000.0,1072400.0,88400.0,109.0,Achieved
2024,4,April,Q2,West,Goa,Product D,Pharma,SP011,1293000.0,1407400.0,114400.0,108.9,Achieved
2024,4,April,Q2,West,Maharashtra,Product E,Industrial,SP028,1278000.0,1044700.0,-233300.0,81.7,Missed
2024,4,April,Q2,West,Gujarat,Product E,Industrial,SP008,796000.0,949700.0,153700.0,119.3,Achieved
2024,4,April,Q2,West,Rajasthan,Product E,Industrial,SP004,1251000.0,925400.0,-325600.0,74.0,Missed
2024,4,April,Q2,West,Goa,Product E,Industrial,SP010,414000.0,360100.0,-53900.0,87.0,Missed
2024,4,April,Q2,Central,MP,Product A,FMCG,SP012,635000.0,401900.0,-233100.0,63.3,Missed
2024,4,April,Q2,Central,Chhattisgarh,Product A,FMCG,SP003,374000.0,201800.0,-172200.0,53.9,Missed
2024,4,April,Q2,Central,Uttarakhand,Product A,FMCG,SP027,633000.0,588900.0,-44100.0,93.0,Missed
2024,4,April,Q2,Central,MP,Product B,FMCG,SP029,497000.0,574000.0,77000.0,115.5,Achieved
2024,4,April,Q2,Central,Chhattisgarh,Product B,FMCG,SP027,640000.0,438100.0,-201900.0,68.4,Missed
2024,4,April,Q2,Central,Uttarakhand,Product B,FMCG,SP020,631000.0,567400.0,-63600.0,89.9,Missed
2024,4,April,Q2,Central,MP,Product C,Pharma,SP015,465000.0,488000.0,23000.0,104.9,Achieved
2024,4,April,Q2,Central,Chhattisgarh,Product C,Pharma,SP015,1000000.0,683200.0,-316800.0,68.3,Missed
2024,4,April,Q2,Central,Uttarakhand,Product C,Pharma,SP020,1301000.0,948300.0,-352700.0,72.9,Missed
2024,4,April,Q2,Central,MP,Product D,Pharma,SP025,675000.0,724000.0,49000.0,107.3,Achieved
2024,4,April,Q2,Central,Chhattisgarh,Product D,Pharma,SP007,786000.0,660700.0,-125300.0,84.1,Missed
2024,4,April,Q2,Central,Uttarakhand,Product D,Pharma,SP018,342000.0,288200.0,-53800.0,84.3,Missed
2024,4,April,Q2,Central,MP,Product E,Industrial,SP028,481000.0,368500.0,-112500.0,76.6,Missed
2024,4,April,Q2,Central,Chhattisgarh,Product E,Industrial,SP023,1185000.0,1080200.0,-104800.0,91.2,Missed
2024,4,April,Q2,Central,Uttarakhand,Product E,Industrial,SP022,387000.0,359400.0,-27600.0,92.9,Missed
2024,5,May,Q2,North,Delhi,Product A,FMCG,SP028,778000.0,645300.0,-132700.0,82.9,Missed
2024,5,May,Q2,North,Punjab,Product A,FMCG,SP016,553000.0,634700.0,81700.0,114.8,Achieved
2024,5,May,Q2,North,Haryana,Product A,FMCG,SP004,659000.0,595300.0,-63700.0,90.3,Missed
2024,5,May,Q2,North,UP,Product A,FMCG,SP002,944000.0,757500.0,-186500.0,80.2,Missed
2024,5,May,Q2,North,Delhi,Product B,FMCG,SP001,988000.0,1059400.0,71400.0,107.2,Achieved
2024,5,May,Q2,North,Punjab,Product B,FMCG,SP006,1076000.0,1004700.0,-71300.0,93.4,Missed
2024,5,May,Q2,North,Haryana,Product B,FMCG,SP022,698000.0,687700.0,-10300.0,98.5,Missed
2024,5,May,Q2,North,UP,Product B,FMCG,SP021,1293000.0,1117900.0,-175100.0,86.5,Missed
2024,5,May,Q2,North,Delhi,Product C,Pharma,SP018,467000.0,446000.0,-21000.0,95.5,Missed
2024,5,May,Q2,North,Punjab,Product C,Pharma,SP002,471000.0,487400.0,16400.0,103.5,Achieved
2024,5,May,Q2,North,Haryana,Product C,Pharma,SP029,739000.0,476500.0,-262500.0,64.5,Missed
2024,5,May,Q2,North,UP,Product C,Pharma,SP011,1369000.0,1234500.0,-134500.0,90.2,Missed
2024,5,May,Q2,North,Delhi,Product D,Pharma,SP018,559000.0,457900.0,-101100.0,81.9,Missed
2024,5,May,Q2,North,Punjab,Product D,Pharma,SP029,1226000.0,769400.0,-456600.0,62.8,Missed
2024,5,May,Q2,North,Haryana,Product D,Pharma,SP028,619000.0,726200.0,107200.0,117.3,Achieved
2024,5,May,Q2,North,UP,Product D,Pharma,SP010,1199000.0,1074800.0,-124200.0,89.6,Missed
2024,5,May,Q2,North,Delhi,Product E,Industrial,SP006,1316000.0,1497800.0,181800.0,113.8,Achieved
2024,5,May,Q2,North,Punjab,Product E,Industrial,SP024,1079000.0,911200.0,-167800.0,84.4,Missed
2024,5,May,Q2,North,Haryana,Product E,Industrial,SP004,675000.0,698300.0,23300.0,103.5,Achieved
2024,5,May,Q2,North,UP,Product E,Industrial,SP015,1373000.0,1204500.0,-168500.0,87.7,Missed
2024,5,May,Q2,South,Karnataka,Product A,FMCG,SP019,1249000.0,1063800.0,-185200.0,85.2,Missed
2024,5,May,Q2,South,Tamil Nadu,Product A,FMCG,SP001,592000.0,382200.0,-209800.0,64.6,Missed
2024,5,May,Q2,South,Telangana,Product A,FMCG,SP026,969000.0,966600.0,-2400.0,99.8,Missed
2024,5,May,Q2,South,Kerala,Product A,FMCG,SP026,416000.0,410100.0,-5900.0,98.6,Missed
2024,5,May,Q2,South,Karnataka,Product B,FMCG,SP026,1402000.0,1173000.0,-229000.0,83.7,Missed
2024,5,May,Q2,South,Tamil Nadu,Product B,FMCG,SP017,533000.0,489600.0,-43400.0,91.9,Missed
2024,5,May,Q2,South,Telangana,Product B,FMCG,SP003,796000.0,858900.0,62900.0,107.9,Achieved
2024,5,May,Q2,South,Kerala,Product B,FMCG,SP027,1198000.0,1097300.0,-100700.0,91.6,Missed
2024,5,May,Q2,South,Karnataka,Product C,Pharma,SP002,1176000.0,1246600.0,70600.0,106.0,Achieved
2024,5,May,Q2,South,Tamil Nadu,Product C,Pharma,SP008,466000.0,274100.0,-191900.0,58.8,Missed
2024,5,May,Q2,South,Telangana,Product C,Pharma,SP014,388000.0,352900.0,-35100.0,91.0,Missed
2024,5,May,Q2,South,Kerala,Product C,Pharma,SP018,494000.0,452300.0,-41700.0,91.6,Missed
2024,5,May,Q2,South,Karnataka,Product D,Pharma,SP011,1316000.0,1144700.0,-171300.0,87.0,Missed
2024,5,May,Q2,South,Tamil Nadu,Product D,Pharma,SP013,383000.0,363900.0,-19100.0,95.0,Missed
2024,5,May,Q2,South,Telangana,Product D,Pharma,SP016,455000.0,377900.0,-77100.0,83.1,Missed
2024,5,May,Q2,South,Kerala,Product D,Pharma,SP010,469000.0,444200.0,-24800.0,94.7,Missed
2024,5,May,Q2,South,Karnataka,Product E,Industrial,SP027,413000.0,402400.0,-10600.0,97.4,Missed
2024,5,May,Q2,South,Tamil Nadu,Product E,Industrial,SP015,479000.0,495200.0,16200.0,103.4,Achieved
2024,5,May,Q2,South,Telangana,Product E,Industrial,SP027,1341000.0,1559300.0,218300.0,116.3,Achieved
2024,5,May,Q2,South,Kerala,Product E,Industrial,SP016,644000.0,524600.0,-119400.0,81.5,Missed
2024,5,May,Q2,East,West Bengal,Product A,FMCG,SP027,1183000.0,1346100.0,163100.0,113.8,Achieved
2024,5,May,Q2,East,Odisha,Product A,FMCG,SP008,1385000.0,918100.0,-466900.0,66.3,Missed
2024,5,May,Q2,East,Bihar,Product A,FMCG,SP012,583000.0,453800.0,-129200.0,77.8,Missed
2024,5,May,Q2,East,Jharkhand,Product A,FMCG,SP005,1023000.0,1040900.0,17900.0,101.7,Achieved
2024,5,May,Q2,East,West Bengal,Product B,FMCG,SP029,365000.0,456400.0,91400.0,125.0,Achieved
2024,5,May,Q2,East,Odisha,Product B,FMCG,SP010,992000.0,845300.0,-146700.0,85.2,Missed
2024,5,May,Q2,East,Bihar,Product B,FMCG,SP008,569000.0,493000.0,-76000.0,86.6,Missed
2024,5,May,Q2,East,Jharkhand,Product B,FMCG,SP023,1134000.0,1116600.0,-17400.0,98.5,Missed
2024,5,May,Q2,East,West Bengal,Product C,Pharma,SP016,1404000.0,1387400.0,-16600.0,98.8,Missed
2024,5,May,Q2,East,Odisha,Product C,Pharma,SP020,932000.0,823400.0,-108600.0,88.3,Missed
2024,5,May,Q2,East,Bihar,Product C,Pharma,SP017,1166000.0,1025600.0,-140400.0,88.0,Missed
2024,5,May,Q2,East,Jharkhand,Product C,Pharma,SP030,384000.0,283800.0,-100200.0,73.9,Missed
2024,5,May,Q2,East,West Bengal,Product D,Pharma,SP021,1354000.0,1371200.0,17200.0,101.3,Achieved
2024,5,May,Q2,East,Odisha,Product D,Pharma,SP021,500000.0,480600.0,-19400.0,96.1,Missed
2024,5,May,Q2,East,Bihar,Product D,Pharma,SP019,1359000.0,994200.0,-364800.0,73.2,Missed
2024,5,May,Q2,East,Jharkhand,Product D,Pharma,SP012,1038000.0,927200.0,-110800.0,89.3,Missed
2024,5,May,Q2,East,West Bengal,Product E,Industrial,SP007,1284000.0,1395600.0,111600.0,108.7,Achieved
2024,5,May,Q2,East,Odisha,Product E,Industrial,SP025,594000.0,673000.0,79000.0,113.3,Achieved
2024,5,May,Q2,East,Bihar,Product E,Industrial,SP012,863000.0,989200.0,126200.0,114.6,Achieved
2024,5,May,Q2,East,Jharkhand,Product E,Industrial,SP014,1230000.0,1238700.0,8700.0,100.7,Achieved
2024,5,May,Q2,West,Maharashtra,Product A,FMCG,SP024,584000.0,622000.0,38000.0,106.5,Achieved
2024,5,May,Q2,West,Gujarat,Product A,FMCG,SP004,357000.0,329900.0,-27100.0,92.4,Missed
2024,5,May,Q2,West,Rajasthan,Product A,FMCG,SP017,808000.0,646400.0,-161600.0,80.0,Missed
2024,5,May,Q2,West,Goa,Product A,FMCG,SP003,763000.0,810500.0,47500.0,106.2,Achieved
2024,5,May,Q2,West,Maharashtra,Product B,FMCG,SP027,571000.0,395700.0,-175300.0,69.3,Missed
2024,5,May,Q2,West,Gujarat,Product B,FMCG,SP024,996000.0,911600.0,-84400.0,91.5,Missed
2024,5,May,Q2,West,Rajasthan,Product B,FMCG,SP012,1165000.0,1095800.0,-69200.0,94.1,Missed
2024,5,May,Q2,West,Goa,Product B,FMCG,SP018,803000.0,773400.0,-29600.0,96.3,Missed
2024,5,May,Q2,West,Maharashtra,Product C,Pharma,SP025,721000.0,598500.0,-122500.0,83.0,Missed
2024,5,May,Q2,West,Gujarat,Product C,Pharma,SP021,1065000.0,968200.0,-96800.0,90.9,Missed
2024,5,May,Q2,West,Rajasthan,Product C,Pharma,SP020,1171000.0,1346500.0,175500.0,115.0,Achieved
2024,5,May,Q2,West,Goa,Product C,Pharma,SP029,359000.0,404500.0,45500.0,112.7,Achieved
2024,5,May,Q2,West,Maharashtra,Product D,Pharma,SP006,624000.0,651300.0,27300.0,104.4,Achieved
2024,5,May,Q2,West,Gujarat,Product D,Pharma,SP002,1154000.0,996700.0,-157300.0,86.4,Missed
2024,5,May,Q2,West,Rajasthan,Product D,Pharma,SP007,1081000.0,1135800.0,54800.0,105.1,Achieved
2024,5,May,Q2,West,Goa,Product D,Pharma,SP022,1183000.0,1187200.0,4200.0,100.4,Achieved
2024,5,May,Q2,West,Maharashtra,Product E,Industrial,SP012,641000.0,706700.0,65700.0,110.3,Achieved
2024,5,May,Q2,West,Gujarat,Product E,Industrial,SP018,1150000.0,803600.0,-346400.0,69.9,Missed
2024,5,May,Q2,West,Rajasthan,Product E,Industrial,SP020,1029000.0,800500.0,-228500.0,77.8,Missed
2024,5,May,Q2,West,Goa,Product E,Industrial,SP004,1145000.0,1134000.0,-11000.0,99.0,Missed
2024,5,May,Q2,Central,MP,Product A,FMCG,SP007,840000.0,724300.0,-115700.0,86.2,Missed
2024,5,May,Q2,Central,Chhattisgarh,Product A,FMCG,SP028,1362000.0,988800.0,-373200.0,72.6,Missed
2024,5,May,Q2,Central,Uttarakhand,Product A,FMCG,SP016,707000.0,730400.0,23400.0,103.3,Achieved
2024,5,May,Q2,Central,MP,Product B,FMCG,SP017,1344000.0,1310800.0,-33200.0,97.5,Missed
2024,5,May,Q2,Central,Chhattisgarh,Product B,FMCG,SP011,703000.0,436900.0,-266100.0,62.1,Missed
2024,5,May,Q2,Central,Uttarakhand,Product B,FMCG,SP016,1394000.0,1487200.0,93200.0,106.7,Achieved
2024,5,May,Q2,Central,MP,Product C,Pharma,SP009,865000.0,879300.0,14300.0,101.7,Achieved
2024,5,May,Q2,Central,Chhattisgarh,Product C,Pharma,SP015,1024000.0,911500.0,-112500.0,89.0,Missed
2024,5,May,Q2,Central,Uttarakhand,Product C,Pharma,SP011,1185000.0,1085200.0,-99800.0,91.6,Missed
2024,5,May,Q2,Central,MP,Product D,Pharma,SP028,666000.0,740000.0,74000.0,111.1,Achieved
2024,5,May,Q2,Central,Chhattisgarh,Product D,Pharma,SP019,615000.0,517700.0,-97300.0,84.2,Missed
2024,5,May,Q2,Central,Uttarakhand,Product D,Pharma,SP029,627000.0,580700.0,-46300.0,92.6,Missed
2024,5,May,Q2,Central,MP,Product E,Industrial,SP009,1339000.0,1406700.0,67700.0,105.1,Achieved
2024,5,May,Q2,Central,Chhattisgarh,Product E,Industrial,SP020,1260000.0,1250600.0,-9400.0,99.3,Missed
2024,5,May,Q2,Central,Uttarakhand,Product E,Industrial,SP014,411000.0,433700.0,22700.0,105.5,Achieved
2024,6,June,Q2,North,Delhi,Product A,FMCG,SP016,703000.0,792500.0,89500.0,112.7,Achieved
2024,6,June,Q2,North,Punjab,Product A,FMCG,SP013,1423000.0,1176200.0,-246800.0,82.7,Missed
2024,6,June,Q2,North,Haryana,Product A,FMCG,SP015,371000.0,381900.0,10900.0,102.9,Achieved
2024,6,June,Q2,North,UP,Product A,FMCG,SP025,519000.0,500300.0,-18700.0,96.4,Missed
2024,6,June,Q2,North,Delhi,Product B,FMCG,SP016,650000.0,674900.0,24900.0,103.8,Achieved
2024,6,June,Q2,North,Punjab,Product B,FMCG,SP014,1057000.0,1116500.0,59500.0,105.6,Achieved
2024,6,June,Q2,North,Haryana,Product B,FMCG,SP008,1219000.0,891000.0,-328000.0,73.1,Missed
2024,6,June,Q2,North,UP,Product B,FMCG,SP016,1002000.0,744300.0,-257700.0,74.3,Missed
2024,6,June,Q2,North,Delhi,Product C,Pharma,SP028,680000.0,758900.0,78900.0,111.6,Achieved
2024,6,June,Q2,North,Punjab,Product C,Pharma,SP012,870000.0,820200.0,-49800.0,94.3,Missed
2024,6,June,Q2,North,Haryana,Product C,Pharma,SP029,910000.0,856800.0,-53200.0,94.2,Missed
2024,6,June,Q2,North,UP,Product C,Pharma,SP030,683000.0,622800.0,-60200.0,91.2,Missed
2024,6,June,Q2,North,Delhi,Product D,Pharma,SP028,1256000.0,1299900.0,43900.0,103.5,Achieved
2024,6,June,Q2,North,Punjab,Product D,Pharma,SP012,533000.0,516300.0,-16700.0,96.9,Missed
2024,6,June,Q2,North,Haryana,Product D,Pharma,SP007,543000.0,472500.0,-70500.0,87.0,Missed
2024,6,June,Q2,North,UP,Product D,Pharma,SP027,1366000.0,1763800.0,397800.0,129.1,Achieved
2024,6,June,Q2,North,Delhi,Product E,Industrial,SP028,1035000.0,893600.0,-141400.0,86.3,Missed
2024,6,June,Q2,North,Punjab,Product E,Industrial,SP013,1049000.0,1140500.0,91500.0,108.7,Achieved
2024,6,June,Q2,North,Haryana,Product E,Industrial,SP015,1143000.0,1104900.0,-38100.0,96.7,Missed
2024,6,June,Q2,North,UP,Product E,Industrial,SP017,1228000.0,1174300.0,-53700.0,95.6,Missed
2024,6,June,Q2,South,Karnataka,Product A,FMCG,SP005,927000.0,1041400.0,114400.0,112.3,Achieved
2024,6,June,Q2,South,Tamil Nadu,Product A,FMCG,SP028,507000.0,433500.0,-73500.0,85.5,Missed
2024,6,June,Q2,South,Telangana,Product A,FMCG,SP026,578000.0,601300.0,23300.0,104.0,Achieved
2024,6,June,Q2,South,Kerala,Product A,FMCG,SP018,918000.0,1050200.0,132200.0,114.4,Achieved
2024,6,June,Q2,South,Karnataka,Product B,FMCG,SP010,495000.0,448700.0,-46300.0,90.6,Missed
2024,6,June,Q2,South,Tamil Nadu,Product B,FMCG,SP020,437000.0,327700.0,-109300.0,75.0,Missed
2024,6,June,Q2,South,Telangana,Product B,FMCG,SP014,1115000.0,962100.0,-152900.0,86.3,Missed
2024,6,June,Q2,South,Kerala,Product B,FMCG,SP030,871000.0,838100.0,-32900.0,96.2,Missed
2024,6,June,Q2,South,Karnataka,Product C,Pharma,SP021,1359000.0,1197100.0,-161900.0,88.1,Missed
2024,6,June,Q2,South,Tamil Nadu,Product C,Pharma,SP024,1055000.0,1076800.0,21800.0,102.1,Achieved
2024,6,June,Q2,South,Telangana,Product C,Pharma,SP023,911000.0,642200.0,-268800.0,70.5,Missed
2024,6,June,Q2,South,Kerala,Product C,Pharma,SP017,1082000.0,745100.0,-336900.0,68.9,Missed
2024,6,June,Q2,South,Karnataka,Product D,Pharma,SP021,972000.0,758700.0,-213300.0,78.1,Missed
2024,6,June,Q2,South,Tamil Nadu,Product D,Pharma,SP004,1071000.0,1045000.0,-26000.0,97.6,Missed
2024,6,June,Q2,South,Telangana,Product D,Pharma,SP006,701000.0,662500.0,-38500.0,94.5,Missed
2024,6,June,Q2,South,Kerala,Product D,Pharma,SP003,1106000.0,988700.0,-117300.0,89.4,Missed
2024,6,June,Q2,South,Karnataka,Product E,Industrial,SP018,1311000.0,1005500.0,-305500.0,76.7,Missed
2024,6,June,Q2,South,Tamil Nadu,Product E,Industrial,SP005,771000.0,630600.0,-140400.0,81.8,Missed
2024,6,June,Q2,South,Telangana,Product E,Industrial,SP030,679000.0,653900.0,-25100.0,96.3,Missed
2024,6,June,Q2,South,Kerala,Product E,Industrial,SP030,798000.0,792500.0,-5500.0,99.3,Missed
2024,6,June,Q2,East,West Bengal,Product A,FMCG,SP008,388000.0,359300.0,-28700.0,92.6,Missed
2024,6,June,Q2,East,Odisha,Product A,FMCG,SP021,626000.0,628200.0,2200.0,100.4,Achieved
2024,6,June,Q2,East,Bihar,Product A,FMCG,SP023,543000.0,384300.0,-158700.0,70.8,Missed
2024,6,June,Q2,East,Jharkhand,Product A,FMCG,SP014,670000.0,687700.0,17700.0,102.6,Achieved
2024,6,June,Q2,East,West Bengal,Product B,FMCG,SP019,797000.0,597300.0,-199700.0,74.9,Missed
2024,6,June,Q2,East,Odisha,Product B,FMCG,SP011,917000.0,868500.0,-48500.0,94.7,Missed
2024,6,June,Q2,East,Bihar,Product B,FMCG,SP019,1015000.0,631900.0,-383100.0,62.3,Missed
2024,6,June,Q2,East,Jharkhand,Product B,FMCG,SP006,1130000.0,1140600.0,10600.0,100.9,Achieved
2024,6,June,Q2,East,West Bengal,Product C,Pharma,SP004,453000.0,336000.0,-117000.0,74.2,Missed
2024,6,June,Q2,East,Odisha,Product C,Pharma,SP014,1346000.0,1507200.0,161200.0,112.0,Achieved
2024,6,June,Q2,East,Bihar,Product C,Pharma,SP026,871000.0,746600.0,-124400.0,85.7,Missed
2024,6,June,Q2,East,Jharkhand,Product C,Pharma,SP011,721000.0,784800.0,63800.0,108.9,Achieved
2024,6,June,Q2,East,West Bengal,Product D,Pharma,SP005,362000.0,406900.0,44900.0,112.4,Achieved
2024,6,June,Q2,East,Odisha,Product D,Pharma,SP014,776000.0,489900.0,-286100.0,63.1,Missed
2024,6,June,Q2,East,Bihar,Product D,Pharma,SP008,437000.0,450200.0,13200.0,103.0,Achieved
2024,6,June,Q2,East,Jharkhand,Product D,Pharma,SP009,756000.0,569200.0,-186800.0,75.3,Missed
2024,6,June,Q2,East,West Bengal,Product E,Industrial,SP007,383000.0,338700.0,-44300.0,88.4,Missed
2024,6,June,Q2,East,Odisha,Product E,Industrial,SP010,583000.0,399500.0,-183500.0,68.5,Missed
2024,6,June,Q2,East,Bihar,Product E,Industrial,SP017,984000.0,1095600.0,111600.0,111.3,Achieved
2024,6,June,Q2,East,Jharkhand,Product E,Industrial,SP019,825000.0,1009500.0,184500.0,122.4,Achieved
2024,6,June,Q2,West,Maharashtra,Product A,FMCG,SP006,509000.0,525500.0,16500.0,103.2,Achieved
2024,6,June,Q2,West,Gujarat,Product A,FMCG,SP016,1370000.0,1219800.0,-150200.0,89.0,Missed
2024,6,June,Q2,West,Rajasthan,Product A,FMCG,SP006,1060000.0,979700.0,-80300.0,92.4,Missed
2024,6,June,Q2,West,Goa,Product A,FMCG,SP006,503000.0,438900.0,-64100.0,87.2,Missed
2024,6,June,Q2,West,Maharashtra,Product B,FMCG,SP013,867000.0,608600.0,-258400.0,70.2,Missed
2024,6,June,Q2,West,Gujarat,Product B,FMCG,SP027,468000.0,387200.0,-80800.0,82.7,Missed
2024,6,June,Q2,West,Rajasthan,Product B,FMCG,SP006,1220000.0,1299600.0,79600.0,106.5,Achieved
2024,6,June,Q2,West,Goa,Product B,FMCG,SP030,470000.0,408800.0,-61200.0,87.0,Missed
2024,6,June,Q2,West,Maharashtra,Product C,Pharma,SP016,457000.0,396800.0,-60200.0,86.8,Missed
2024,6,June,Q2,West,Gujarat,Product C,Pharma,SP005,947000.0,674900.0,-272100.0,71.3,Missed
2024,6,June,Q2,West,Rajasthan,Product C,Pharma,SP017,1319000.0,1279500.0,-39500.0,97.0,Missed
2024,6,June,Q2,West,Goa,Product C,Pharma,SP009,1023000.0,1031200.0,8200.0,100.8,Achieved
2024,6,June,Q2,West,Maharashtra,Product D,Pharma,SP028,716000.0,363800.0,-352200.0,50.8,Missed
2024,6,June,Q2,West,Gujarat,Product D,Pharma,SP023,1011000.0,973800.0,-37200.0,96.3,Missed
2024,6,June,Q2,West,Rajasthan,Product D,Pharma,SP018,1352000.0,1239900.0,-112100.0,91.7,Missed
2024,6,June,Q2,West,Goa,Product D,Pharma,SP027,1097000.0,1023500.0,-73500.0,93.3,Missed
2024,6,June,Q2,West,Maharashtra,Product E,Industrial,SP014,907000.0,762900.0,-144100.0,84.1,Missed
2024,6,June,Q2,West,Gujarat,Product E,Industrial,SP012,895000.0,763800.0,-131200.0,85.3,Missed
2024,6,June,Q2,West,Rajasthan,Product E,Industrial,SP007,488000.0,396800.0,-91200.0,81.3,Missed
2024,6,June,Q2,West,Goa,Product E,Industrial,SP005,940000.0,746900.0,-193100.0,79.5,Missed
2024,6,June,Q2,Central,MP,Product A,FMCG,SP025,1027000.0,951500.0,-75500.0,92.7,Missed
2024,6,June,Q2,Central,Chhattisgarh,Product A,FMCG,SP019,1374000.0,1000700.0,-373300.0,72.8,Missed
2024,6,June,Q2,Central,Uttarakhand,Product A,FMCG,SP004,636000.0,510800.0,-125200.0,80.3,Missed
2024,6,June,Q2,Central,MP,Product B,FMCG,SP017,1121000.0,1230100.0,109100.0,109.7,Achieved
2024,6,June,Q2,Central,Chhattisgarh,Product B,FMCG,SP008,804000.0,744000.0,-60000.0,92.5,Missed
2024,6,June,Q2,Central,Uttarakhand,Product B,FMCG,SP010,1439000.0,1235500.0,-203500.0,85.9,Missed
2024,6,June,Q2,Central,MP,Product C,Pharma,SP016,1184000.0,1400200.0,216200.0,118.3,Achieved
2024,6,June,Q2,Central,Chhattisgarh,Product C,Pharma,SP024,1251000.0,1159000.0,-92000.0,92.6,Missed
2024,6,June,Q2,Central,Uttarakhand,Product C,Pharma,SP006,728000.0,570200.0,-157800.0,78.3,Missed
2024,6,June,Q2,Central,MP,Product D,Pharma,SP008,1305000.0,1169200.0,-135800.0,89.6,Missed
2024,6,June,Q2,Central,Chhattisgarh,Product D,Pharma,SP025,1024000.0,992000.0,-32000.0,96.9,Missed
2024,6,June,Q2,Central,Uttarakhand,Product D,Pharma,SP016,948000.0,862700.0,-85300.0,91.0,Missed
2024,6,June,Q2,Central,MP,Product E,Industrial,SP030,761000.0,718000.0,-43000.0,94.3,Missed
2024,6,June,Q2,Central,Chhattisgarh,Product E,Industrial,SP002,697000.0,558200.0,-138800.0,80.1,Missed
2024,6,June,Q2,Central,Uttarakhand,Product E,Industrial,SP008,502000.0,529300.0,27300.0,105.4,Achieved
2024,7,July,Q3,North,Delhi,Product A,FMCG,SP013,1281000.0,834200.0,-446800.0,65.1,Missed
2024,7,July,Q3,North,Punjab,Product A,FMCG,SP004,1124000.0,939800.0,-184200.0,83.6,Missed
2024,7,July,Q3,North,Haryana,Product A,FMCG,SP022,1232000.0,969100.0,-262900.0,78.7,Missed
2024,7,July,Q3,North,UP,Product A,FMCG,SP006,828000.0,830300.0,2300.0,100.3,Achieved
2024,7,July,Q3,North,Delhi,Product B,FMCG,SP026,479000.0,536700.0,57700.0,112.1,Achieved
2024,7,July,Q3,North,Punjab,Product B,FMCG,SP007,917000.0,995200.0,78200.0,108.5,Achieved
2024,7,July,Q3,North,Haryana,Product B,FMCG,SP014,1198000.0,1070200.0,-127800.0,89.3,Missed
2024,7,July,Q3,North,UP,Product B,FMCG,SP028,1024000.0,1179500.0,155500.0,115.2,Achieved
2024,7,July,Q3,North,Delhi,Product C,Pharma,SP030,1331000.0,1203700.0,-127300.0,90.4,Missed
2024,7,July,Q3,North,Punjab,Product C,Pharma,SP009,1133000.0,989300.0,-143700.0,87.3,Missed
2024,7,July,Q3,North,Haryana,Product C,Pharma,SP002,1041000.0,994500.0,-46500.0,95.5,Missed
2024,7,July,Q3,North,UP,Product C,Pharma,SP007,931000.0,966700.0,35700.0,103.8,Achieved
2024,7,July,Q3,North,Delhi,Product D,Pharma,SP003,1326000.0,1086000.0,-240000.0,81.9,Missed
2024,7,July,Q3,North,Punjab,Product D,Pharma,SP005,545000.0,555200.0,10200.0,101.9,Achieved
2024,7,July,Q3,North,Haryana,Product D,Pharma,SP004,994000.0,830400.0,-163600.0,83.5,Missed
2024,7,July,Q3,North,UP,Product D,Pharma,SP020,612000.0,498300.0,-113700.0,81.4,Missed
2024,7,July,Q3,North,Delhi,Product E,Industrial,SP005,677000.0,623700.0,-53300.0,92.1,Missed
2024,7,July,Q3,North,Punjab,Product E,Industrial,SP021,724000.0,459400.0,-264600.0,63.4,Missed
2024,7,July,Q3,North,Haryana,Product E,Industrial,SP024,1115000.0,775500.0,-339500.0,69.5,Missed
2024,7,July,Q3,North,UP,Product E,Industrial,SP011,416000.0,282600.0,-133400.0,67.9,Missed
2024,7,July,Q3,South,Karnataka,Product A,FMCG,SP016,1038000.0,667200.0,-370800.0,64.3,Missed
2024,7,July,Q3,South,Tamil Nadu,Product A,FMCG,SP009,756000.0,839800.0,83800.0,111.1,Achieved
2024,7,July,Q3,South,Telangana,Product A,FMCG,SP015,542000.0,563700.0,21700.0,104.0,Achieved
2024,7,July,Q3,South,Kerala,Product A,FMCG,SP021,964000.0,965400.0,1400.0,100.1,Achieved
2024,7,July,Q3,South,Karnataka,Product B,FMCG,SP021,535000.0,491200.0,-43800.0,91.8,Missed
2024,7,July,Q3,South,Tamil Nadu,Product B,FMCG,SP019,573000.0,558400.0,-14600.0,97.5,Missed
2024,7,July,Q3,South,Telangana,Product B,FMCG,SP028,1325000.0,1320600.0,-4400.0,99.7,Missed
2024,7,July,Q3,South,Kerala,Product B,FMCG,SP009,1050000.0,837000.0,-213000.0,79.7,Missed
2024,7,July,Q3,South,Karnataka,Product C,Pharma,SP014,1287000.0,1226600.0,-60400.0,95.3,Missed
2024,7,July,Q3,South,Tamil Nadu,Product C,Pharma,SP030,460000.0,268000.0,-192000.0,58.3,Missed
2024,7,July,Q3,South,Telangana,Product C,Pharma,SP029,1171000.0,1295900.0,124900.0,110.7,Achieved
2024,7,July,Q3,South,Kerala,Product C,Pharma,SP016,1128000.0,1051000.0,-77000.0,93.2,Missed
2024,7,July,Q3,South,Karnataka,Product D,Pharma,SP018,1321000.0,1147400.0,-173600.0,86.9,Missed
2024,7,July,Q3,South,Tamil Nadu,Product D,Pharma,SP004,1190000.0,968800.0,-221200.0,81.4,Missed
2024,7,July,Q3,South,Telangana,Product D,Pharma,SP005,643000.0,350400.0,-292600.0,54.5,Missed
2024,7,July,Q3,South,Kerala,Product D,Pharma,SP016,714000.0,603200.0,-110800.0,84.5,Missed
2024,7,July,Q3,South,Karnataka,Product E,Industrial,SP024,997000.0,1005600.0,8600.0,100.9,Achieved
2024,7,July,Q3,South,Tamil Nadu,Product E,Industrial,SP018,713000.0,688100.0,-24900.0,96.5,Missed
2024,7,July,Q3,South,Telangana,Product E,Industrial,SP018,649000.0,452600.0,-196400.0,69.7,Missed
2024,7,July,Q3,South,Kerala,Product E,Industrial,SP020,860000.0,849400.0,-10600.0,98.8,Missed
2024,7,July,Q3,East,West Bengal,Product A,FMCG,SP002,960000.0,1083500.0,123500.0,112.9,Achieved
2024,7,July,Q3,East,Odisha,Product A,FMCG,SP023,595000.0,621800.0,26800.0,104.5,Achieved
2024,7,July,Q3,East,Bihar,Product A,FMCG,SP025,1257000.0,1404000.0,147000.0,111.7,Achieved
2024,7,July,Q3,East,Jharkhand,Product A,FMCG,SP001,1042000.0,1071700.0,29700.0,102.9,Achieved
2024,7,July,Q3,East,West Bengal,Product B,FMCG,SP008,410000.0,436300.0,26300.0,106.4,Achieved
2024,7,July,Q3,East,Odisha,Product B,FMCG,SP027,362000.0,267400.0,-94600.0,73.9,Missed
2024,7,July,Q3,East,Bihar,Product B,FMCG,SP027,380000.0,310000.0,-70000.0,81.6,Missed
2024,7,July,Q3,East,Jharkhand,Product B,FMCG,SP027,480000.0,301500.0,-178500.0,62.8,Missed
2024,7,July,Q3,East,West Bengal,Product C,Pharma,SP015,1391000.0,1457900.0,66900.0,104.8,Achieved
2024,7,July,Q3,East,Odisha,Product C,Pharma,SP007,858000.0,826300.0,-31700.0,96.3,Missed
2024,7,July,Q3,East,Bihar,Product C,Pharma,SP028,1100000.0,1057800.0,-42200.0,96.2,Missed
2024,7,July,Q3,East,Jharkhand,Product C,Pharma,SP015,1154000.0,967400.0,-186600.0,83.8,Missed
2024,7,July,Q3,East,West Bengal,Product D,Pharma,SP003,430000.0,422600.0,-7400.0,98.3,Missed
2024,7,July,Q3,East,Odisha,Product D,Pharma,SP003,482000.0,376900.0,-105100.0,78.2,Missed
2024,7,July,Q3,East,Bihar,Product D,Pharma,SP003,899000.0,764700.0,-134300.0,85.1,Missed
2024,7,July,Q3,East,Jharkhand,Product D,Pharma,SP020,1381000.0,933100.0,-447900.0,67.6,Missed
2024,7,July,Q3,East,West Bengal,Product E,Industrial,SP020,1016000.0,907000.0,-109000.0,89.3,Missed
2024,7,July,Q3,East,Odisha,Product E,Industrial,SP009,688000.0,521500.0,-166500.0,75.8,Missed
2024,7,July,Q3,East,Bihar,Product E,Industrial,SP029,952000.0,925900.0,-26100.0,97.3,Missed
2024,7,July,Q3,East,Jharkhand,Product E,Industrial,SP025,729000.0,802100.0,73100.0,110.0,Achieved
2024,7,July,Q3,West,Maharashtra,Product A,FMCG,SP027,762000.0,533600.0,-228400.0,70.0,Missed
2024,7,July,Q3,West,Gujarat,Product A,FMCG,SP013,1026000.0,824900.0,-201100.0,80.4,Missed
2024,7,July,Q3,West,Rajasthan,Product A,FMCG,SP009,1182000.0,1123000.0,-59000.0,95.0,Missed
2024,7,July,Q3,West,Goa,Product A,FMCG,SP020,865000.0,719700.0,-145300.0,83.2,Missed
2024,7,July,Q3,West,Maharashtra,Product B,FMCG,SP015,736000.0,712400.0,-23600.0,96.8,Missed
2024,7,July,Q3,West,Gujarat,Product B,FMCG,SP028,401000.0,373800.0,-27200.0,93.2,Missed
2024,7,July,Q3,West,Rajasthan,Product B,FMCG,SP002,416000.0,310400.0,-105600.0,74.6,Missed
2024,7,July,Q3,West,Goa,Product B,FMCG,SP029,1042000.0,1050200.0,8200.0,100.8,Achieved
2024,7,July,Q3,West,Maharashtra,Product C,Pharma,SP010,1196000.0,865000.0,-331000.0,72.3,Missed
2024,7,July,Q3,West,Gujarat,Product C,Pharma,SP014,1057000.0,1403600.0,346600.0,132.8,Achieved
2024,7,July,Q3,West,Rajasthan,Product C,Pharma,SP027,462000.0,451200.0,-10800.0,97.7,Missed
2024,7,July,Q3,West,Goa,Product C,Pharma,SP023,929000.0,856700.0,-72300.0,92.2,Missed
2024,7,July,Q3,West,Maharashtra,Product D,Pharma,SP021,1067000.0,923700.0,-143300.0,86.6,Missed
2024,7,July,Q3,West,Gujarat,Product D,Pharma,SP027,1022000.0,990600.0,-31400.0,96.9,Missed
2024,7,July,Q3,West,Rajasthan,Product D,Pharma,SP020,517000.0,532800.0,15800.0,103.1,Achieved
2024,7,July,Q3,West,Goa,Product D,Pharma,SP007,1229000.0,1203000.0,-26000.0,97.9,Missed
2024,7,July,Q3,West,Maharashtra,Product E,Industrial,SP001,1021000.0,594200.0,-426800.0,58.2,Missed
2024,7,July,Q3,West,Gujarat,Product E,Industrial,SP023,1204000.0,902500.0,-301500.0,75.0,Missed
2024,7,July,Q3,West,Rajasthan,Product E,Industrial,SP020,440000.0,406200.0,-33800.0,92.3,Missed
2024,7,July,Q3,West,Goa,Product E,Industrial,SP008,1209000.0,1080000.0,-129000.0,89.3,Missed
2024,7,July,Q3,Central,MP,Product A,FMCG,SP014,1006000.0,941300.0,-64700.0,93.6,Missed
2024,7,July,Q3,Central,Chhattisgarh,Product A,FMCG,SP004,1046000.0,769100.0,-276900.0,73.5,Missed
2024,7,July,Q3,Central,Uttarakhand,Product A,FMCG,SP019,757000.0,492400.0,-264600.0,65.0,Missed
2024,7,July,Q3,Central,MP,Product B,FMCG,SP030,792000.0,785600.0,-6400.0,99.2,Missed
2024,7,July,Q3,Central,Chhattisgarh,Product B,FMCG,SP012,938000.0,986300.0,48300.0,105.1,Achieved
2024,7,July,Q3,Central,Uttarakhand,Product B,FMCG,SP004,1277000.0,802600.0,-474400.0,62.9,Missed
2024,7,July,Q3,Central,MP,Product C,Pharma,SP022,519000.0,552700.0,33700.0,106.5,Achieved
2024,7,July,Q3,Central,Chhattisgarh,Product C,Pharma,SP025,364000.0,374500.0,10500.0,102.9,Achieved
2024,7,July,Q3,Central,Uttarakhand,Product C,Pharma,SP005,1363000.0,1244000.0,-119000.0,91.3,Missed
2024,7,July,Q3,Central,MP,Product D,Pharma,SP003,1360000.0,1327100.0,-32900.0,97.6,Missed
2024,7,July,Q3,Central,Chhattisgarh,Product D,Pharma,SP012,444000.0,351600.0,-92400.0,79.2,Missed
2024,7,July,Q3,Central,Uttarakhand,Product D,Pharma,SP026,1099000.0,996600.0,-102400.0,90.7,Missed
2024,7,July,Q3,Central,MP,Product E,Industrial,SP019,816000.0,701700.0,-114300.0,86.0,Missed
2024,7,July,Q3,Central,Chhattisgarh,Product E,Industrial,SP021,812000.0,484800.0,-327200.0,59.7,Missed
2024,7,July,Q3,Central,Uttarakhand,Product E,Industrial,SP023,1221000.0,875800.0,-345200.0,71.7,Missed
2024,8,August,Q3,North,Delhi,Product A,FMCG,SP025,944000.0,841700.0,-102300.0,89.2,Missed
2024,8,August,Q3,North,Punjab,Product A,FMCG,SP028,661000.0,643800.0,-17200.0,97.4,Missed
2024,8,August,Q3,North,Haryana,Product A,FMCG,SP012,940000.0,964000.0,24000.0,102.5,Achieved
2024,8,August,Q3,North,UP,Product A,FMCG,SP022,1024000.0,893600.0,-130400.0,87.3,Missed
2024,8,August,Q3,North,Delhi,Product B,FMCG,SP007,850000.0,772800.0,-77200.0,90.9,Missed
2024,8,August,Q3,North,Punjab,Product B,FMCG,SP022,1229000.0,801100.0,-427900.0,65.2,Missed
2024,8,August,Q3,North,Haryana,Product B,FMCG,SP002,790000.0,621800.0,-168200.0,78.7,Missed
2024,8,August,Q3,North,UP,Product B,FMCG,SP010,544000.0,304700.0,-239300.0,56.0,Missed
2024,8,August,Q3,North,Delhi,Product C,Pharma,SP003,1123000.0,1340600.0,217600.0,119.4,Achieved
2024,8,August,Q3,North,Punjab,Product C,Pharma,SP021,492000.0,303300.0,-188700.0,61.6,Missed
2024,8,August,Q3,North,Haryana,Product C,Pharma,SP027,1121000.0,950100.0,-170900.0,84.8,Missed
2024,8,August,Q3,North,UP,Product C,Pharma,SP006,1198000.0,1216600.0,18600.0,101.6,Achieved
2024,8,August,Q3,North,Delhi,Product D,Pharma,SP001,803000.0,887800.0,84800.0,110.6,Achieved
2024,8,August,Q3,North,Punjab,Product D,Pharma,SP002,1055000.0,748300.0,-306700.0,70.9,Missed
2024,8,August,Q3,North,Haryana,Product D,Pharma,SP018,421000.0,352400.0,-68600.0,83.7,Missed
2024,8,August,Q3,North,UP,Product D,Pharma,SP010,789000.0,697600.0,-91400.0,88.4,Missed
2024,8,August,Q3,North,Delhi,Product E,Industrial,SP016,1139000.0,1089000.0,-50000.0,95.6,Missed
2024,8,August,Q3,North,Punjab,Product E,Industrial,SP026,449000.0,351900.0,-97100.0,78.4,Missed
2024,8,August,Q3,North,Haryana,Product E,Industrial,SP022,598000.0,515300.0,-82700.0,86.2,Missed
2024,8,August,Q3,North,UP,Product E,Industrial,SP021,1165000.0,1099900.0,-65100.0,94.4,Missed
2024,8,August,Q3,South,Karnataka,Product A,FMCG,SP029,1267000.0,846100.0,-420900.0,66.8,Missed
2024,8,August,Q3,South,Tamil Nadu,Product A,FMCG,SP004,1134000.0,1347100.0,213100.0,118.8,Achieved
2024,8,August,Q3,South,Telangana,Product A,FMCG,SP003,1138000.0,1237400.0,99400.0,108.7,Achieved
2024,8,August,Q3,South,Kerala,Product A,FMCG,SP017,774000.0,514700.0,-259300.0,66.5,Missed
2024,8,August,Q3,South,Karnataka,Product B,FMCG,SP020,1281000.0,1106600.0,-174400.0,86.4,Missed
2024,8,August,Q3,South,Tamil Nadu,Product B,FMCG,SP012,546000.0,457400.0,-88600.0,83.8,Missed
2024,8,August,Q3,South,Telangana,Product B,FMCG,SP012,1289000.0,1514800.0,225800.0,117.5,Achieved
2024,8,August,Q3,South,Kerala,Product B,FMCG,SP007,466000.0,473500.0,7500.0,101.6,Achieved
2024,8,August,Q3,South,Karnataka,Product C,Pharma,SP017,736000.0,642600.0,-93400.0,87.3,Missed
2024,8,August,Q3,South,Tamil Nadu,Product C,Pharma,SP022,748000.0,695700.0,-52300.0,93.0,Missed
2024,8,August,Q3,South,Telangana,Product C,Pharma,SP028,1159000.0,1029700.0,-129300.0,88.8,Missed
2024,8,August,Q3,South,Kerala,Product C,Pharma,SP027,1275000.0,1172100.0,-102900.0,91.9,Missed
2024,8,August,Q3,South,Karnataka,Product D,Pharma,SP010,1150000.0,1225200.0,75200.0,106.5,Achieved
2024,8,August,Q3,South,Tamil Nadu,Product D,Pharma,SP006,1241000.0,1299400.0,58400.0,104.7,Achieved
2024,8,August,Q3,South,Telangana,Product D,Pharma,SP014,515000.0,351000.0,-164000.0,68.2,Missed
2024,8,August,Q3,South,Kerala,Product D,Pharma,SP019,1050000.0,1088200.0,38200.0,103.6,Achieved
2024,8,August,Q3,South,Karnataka,Product E,Industrial,SP025,488000.0,351000.0,-137000.0,71.9,Missed
2024,8,August,Q3,South,Tamil Nadu,Product E,Industrial,SP023,832000.0,806200.0,-25800.0,96.9,Missed
2024,8,August,Q3,South,Telangana,Product E,Industrial,SP018,1243000.0,858100.0,-384900.0,69.0,Missed
2024,8,August,Q3,South,Kerala,Product E,Industrial,SP022,1198000.0,965100.0,-232900.0,80.6,Missed
2024,8,August,Q3,East,West Bengal,Product A,FMCG,SP002,1168000.0,1285900.0,117900.0,110.1,Achieved
2024,8,August,Q3,East,Odisha,Product A,FMCG,SP023,1159000.0,973400.0,-185600.0,84.0,Missed
2024,8,August,Q3,East,Bihar,Product A,FMCG,SP028,1072000.0,1093900.0,21900.0,102.0,Achieved
2024,8,August,Q3,East,Jharkhand,Product A,FMCG,SP007,809000.0,785100.0,-23900.0,97.0,Missed
2024,8,August,Q3,East,West Bengal,Product B,FMCG,SP026,442000.0,344600.0,-97400.0,78.0,Missed
2024,8,August,Q3,East,Odisha,Product B,FMCG,SP002,1255000.0,756800.0,-498200.0,60.3,Missed
2024,8,August,Q3,East,Bihar,Product B,FMCG,SP011,689000.0,648700.0,-40300.0,94.1,Missed
2024,8,August,Q3,East,Jharkhand,Product B,FMCG,SP008,1285000.0,1272100.0,-12900.0,99.0,Missed
2024,8,August,Q3,East,West Bengal,Product C,Pharma,SP009,388000.0,350700.0,-37300.0,90.4,Missed
2024,8,August,Q3,East,Odisha,Product C,Pharma,SP008,462000.0,428200.0,-33800.0,92.7,Missed
2024,8,August,Q3,East,Bihar,Product C,Pharma,SP021,860000.0,706300.0,-153700.0,82.1,Missed
2024,8,August,Q3,East,Jharkhand,Product C,Pharma,SP009,436000.0,421100.0,-14900.0,96.6,Missed
2024,8,August,Q3,East,West Bengal,Product D,Pharma,SP014,527000.0,361900.0,-165100.0,68.7,Missed
2024,8,August,Q3,East,Odisha,Product D,Pharma,SP002,440000.0,458100.0,18100.0,104.1,Achieved
2024,8,August,Q3,East,Bihar,Product D,Pharma,SP028,542000.0,566400.0,24400.0,104.5,Achieved
2024,8,August,Q3,East,Jharkhand,Product D,Pharma,SP019,998000.0,913000.0,-85000.0,91.5,Missed
2024,8,August,Q3,East,West Bengal,Product E,Industrial,SP018,350000.0,304600.0,-45400.0,87.0,Missed
2024,8,August,Q3,East,Odisha,Product E,Industrial,SP015,337000.0,262800.0,-74200.0,78.0,Missed
2024,8,August,Q3,East,Bihar,Product E,Industrial,SP003,405000.0,325300.0,-79700.0,80.3,Missed
2024,8,August,Q3,East,Jharkhand,Product E,Industrial,SP012,1250000.0,1044200.0,-205800.0,83.5,Missed
2024,8,August,Q3,West,Maharashtra,Product A,FMCG,SP030,992000.0,938300.0,-53700.0,94.6,Missed
2024,8,August,Q3,West,Gujarat,Product A,FMCG,SP001,793000.0,760400.0,-32600.0,95.9,Missed
2024,8,August,Q3,West,Rajasthan,Product A,FMCG,SP022,376000.0,404200.0,28200.0,107.5,Achieved
2024,8,August,Q3,West,Goa,Product A,FMCG,SP020,1120000.0,779300.0,-340700.0,69.6,Missed
2024,8,August,Q3,West,Maharashtra,Product B,FMCG,SP013,531000.0,424100.0,-106900.0,79.9,Missed
2024,8,August,Q3,West,Gujarat,Product B,FMCG,SP009,596000.0,580100.0,-15900.0,97.3,Missed
2024,8,August,Q3,West,Rajasthan,Product B,FMCG,SP001,438000.0,313400.0,-124600.0,71.6,Missed
2024,8,August,Q3,West,Goa,Product B,FMCG,SP025,338000.0,339200.0,1200.0,100.3,Achieved
2024,8,August,Q3,West,Maharashtra,Product C,Pharma,SP029,751000.0,734600.0,-16400.0,97.8,Missed
2024,8,August,Q3,West,Gujarat,Product C,Pharma,SP021,1066000.0,728800.0,-337200.0,68.4,Missed
2024,8,August,Q3,West,Rajasthan,Product C,Pharma,SP020,486000.0,519100.0,33100.0,106.8,Achieved
2024,8,August,Q3,West,Goa,Product C,Pharma,SP003,861000.0,934000.0,73000.0,108.5,Achieved
2024,8,August,Q3,West,Maharashtra,Product D,Pharma,SP030,872000.0,881700.0,9700.0,101.1,Achieved
2024,8,August,Q3,West,Gujarat,Product D,Pharma,SP029,810000.0,405000.0,-405000.0,50.0,Missed
2024,8,August,Q3,West,Rajasthan,Product D,Pharma,SP008,694000.0,620900.0,-73100.0,89.5,Missed
2024,8,August,Q3,West,Goa,Product D,Pharma,SP026,1105000.0,1219600.0,114600.0,110.4,Achieved
2024,8,August,Q3,West,Maharashtra,Product E,Industrial,SP027,562000.0,566600.0,4600.0,100.8,Achieved
2024,8,August,Q3,West,Gujarat,Product E,Industrial,SP030,1246000.0,962500.0,-283500.0,77.2,Missed
2024,8,August,Q3,West,Rajasthan,Product E,Industrial,SP022,853000.0,740800.0,-112200.0,86.8,Missed
2024,8,August,Q3,West,Goa,Product E,Industrial,SP006,403000.0,398700.0,-4300.0,98.9,Missed
2024,8,August,Q3,Central,MP,Product A,FMCG,SP016,1134000.0,1479900.0,345900.0,130.5,Achieved
2024,8,August,Q3,Central,Chhattisgarh,Product A,FMCG,SP026,1097000.0,1057600.0,-39400.0,96.4,Missed
2024,8,August,Q3,Central,Uttarakhand,Product A,FMCG,SP022,395000.0,327800.0,-67200.0,83.0,Missed
2024,8,August,Q3,Central,MP,Product B,FMCG,SP022,377000.0,289400.0,-87600.0,76.8,Missed
2024,8,August,Q3,Central,Chhattisgarh,Product B,FMCG,SP025,673000.0,706700.0,33700.0,105.0,Achieved
2024,8,August,Q3,Central,Uttarakhand,Product B,FMCG,SP027,531000.0,563400.0,32400.0,106.1,Achieved
2024,8,August,Q3,Central,MP,Product C,Pharma,SP020,732000.0,596700.0,-135300.0,81.5,Missed
2024,8,August,Q3,Central,Chhattisgarh,Product C,Pharma,SP019,586000.0,622800.0,36800.0,106.3,Achieved
2024,8,August,Q3,Central,Uttarakhand,Product C,Pharma,SP003,629000.0,619100.0,-9900.0,98.4,Missed
2024,8,August,Q3,Central,MP,Product D,Pharma,SP017,786000.0,931200.0,145200.0,118.5,Achieved
2024,8,August,Q3,Central,Chhattisgarh,Product D,Pharma,SP020,1319000.0,1267900.0,-51100.0,96.1,Missed
2024,8,August,Q3,Central,Uttarakhand,Product D,Pharma,SP006,1063000.0,1109600.0,46600.0,104.4,Achieved
2024,8,August,Q3,Central,MP,Product E,Industrial,SP012,974000.0,714400.0,-259600.0,73.3,Missed
2024,8,August,Q3,Central,Chhattisgarh,Product E,Industrial,SP028,575000.0,527600.0,-47400.0,91.8,Missed
2024,8,August,Q3,Central,Uttarakhand,Product E,Industrial,SP010,471000.0,378300.0,-92700.0,80.3,Missed
2024,9,September,Q3,North,Delhi,Product A,FMCG,SP021,352000.0,316600.0,-35400.0,89.9,Missed
2024,9,September,Q3,North,Punjab,Product A,FMCG,SP008,786000.0,754800.0,-31200.0,96.0,Missed
2024,9,September,Q3,North,Haryana,Product A,FMCG,SP023,886000.0,841900.0,-44100.0,95.0,Missed
2024,9,September,Q3,North,UP,Product A,FMCG,SP022,1154000.0,1290600.0,136600.0,111.8,Achieved
2024,9,September,Q3,North,Delhi,Product B,FMCG,SP015,1125000.0,992300.0,-132700.0,88.2,Missed
2024,9,September,Q3,North,Punjab,Product B,FMCG,SP022,308000.0,288700.0,-19300.0,93.7,Missed
2024,9,September,Q3,North,Haryana,Product B,FMCG,SP029,326000.0,283500.0,-42500.0,87.0,Missed
2024,9,September,Q3,North,UP,Product B,FMCG,SP003,1084000.0,920400.0,-163600.0,84.9,Missed
2024,9,September,Q3,North,Delhi,Product C,Pharma,SP025,934000.0,1069700.0,135700.0,114.5,Achieved
2024,9,September,Q3,North,Punjab,Product C,Pharma,SP006,587000.0,489600.0,-97400.0,83.4,Missed
2024,9,September,Q3,North,Haryana,Product C,Pharma,SP022,773000.0,479700.0,-293300.0,62.1,Missed
2024,9,September,Q3,North,UP,Product C,Pharma,SP026,1102000.0,786100.0,-315900.0,71.3,Missed
2024,9,September,Q3,North,Delhi,Product D,Pharma,SP019,369000.0,406400.0,37400.0,110.1,Achieved
2024,9,September,Q3,North,Punjab,Product D,Pharma,SP010,955000.0,1144100.0,189100.0,119.8,Achieved
2024,9,September,Q3,North,Haryana,Product D,Pharma,SP009,451000.0,453600.0,2600.0,100.6,Achieved
2024,9,September,Q3,North,UP,Product D,Pharma,SP001,483000.0,591000.0,108000.0,122.4,Achieved
2024,9,September,Q3,North,Delhi,Product E,Industrial,SP021,1050000.0,977600.0,-72400.0,93.1,Missed
2024,9,September,Q3,North,Punjab,Product E,Industrial,SP017,920000.0,752800.0,-167200.0,81.8,Missed
2024,9,September,Q3,North,Haryana,Product E,Industrial,SP025,765000.0,678000.0,-87000.0,88.6,Missed
2024,9,September,Q3,North,UP,Product E,Industrial,SP025,908000.0,877800.0,-30200.0,96.7,Missed
2024,9,September,Q3,South,Karnataka,Product A,FMCG,SP005,1101000.0,1315900.0,214900.0,119.5,Achieved
2024,9,September,Q3,South,Tamil Nadu,Product A,FMCG,SP015,510000.0,592100.0,82100.0,116.1,Achieved
2024,9,September,Q3,South,Telangana,Product A,FMCG,SP015,548000.0,460100.0,-87900.0,84.0,Missed
2024,9,September,Q3,South,Kerala,Product A,FMCG,SP010,344000.0,302100.0,-41900.0,87.8,Missed
2024,9,September,Q3,South,Karnataka,Product B,FMCG,SP019,577000.0,522900.0,-54100.0,90.6,Missed
2024,9,September,Q3,South,Tamil Nadu,Product B,FMCG,SP006,1155000.0,1051600.0,-103400.0,91.1,Missed
2024,9,September,Q3,South,Telangana,Product B,FMCG,SP025,992000.0,925800.0,-66200.0,93.3,Missed
2024,9,September,Q3,South,Kerala,Product B,FMCG,SP002,577000.0,461900.0,-115100.0,80.0,Missed
2024,9,September,Q3,South,Karnataka,Product C,Pharma,SP022,1011000.0,890600.0,-120400.0,88.1,Missed
2024,9,September,Q3,South,Tamil Nadu,Product C,Pharma,SP023,1186000.0,1264800.0,78800.0,106.6,Achieved
2024,9,September,Q3,South,Telangana,Product C,Pharma,SP025,1124000.0,873000.0,-251000.0,77.7,Missed
2024,9,September,Q3,South,Kerala,Product C,Pharma,SP014,1092000.0,1028600.0,-63400.0,94.2,Missed
2024,9,September,Q3,South,Karnataka,Product D,Pharma,SP017,641000.0,515900.0,-125100.0,80.5,Missed
2024,9,September,Q3,South,Tamil Nadu,Product D,Pharma,SP023,467000.0,302000.0,-165000.0,64.7,Missed
2024,9,September,Q3,South,Telangana,Product D,Pharma,SP029,700000.0,607200.0,-92800.0,86.7,Missed
2024,9,September,Q3,South,Kerala,Product D,Pharma,SP029,372000.0,487800.0,115800.0,131.1,Achieved
2024,9,September,Q3,South,Karnataka,Product E,Industrial,SP015,439000.0,375700.0,-63300.0,85.6,Missed
2024,9,September,Q3,South,Tamil Nadu,Product E,Industrial,SP016,900000.0,834800.0,-65200.0,92.8,Missed
2024,9,September,Q3,South,Telangana,Product E,Industrial,SP007,388000.0,352100.0,-35900.0,90.7,Missed
2024,9,September,Q3,South,Kerala,Product E,Industrial,SP025,643000.0,649600.0,6600.0,101.0,Achieved
2024,9,September,Q3,East,West Bengal,Product A,FMCG,SP015,1151000.0,806100.0,-344900.0,70.0,Missed
2024,9,September,Q3,East,Odisha,Product A,FMCG,SP013,797000.0,815700.0,18700.0,102.3,Achieved
2024,9,September,Q3,East,Bihar,Product A,FMCG,SP007,344000.0,338000.0,-6000.0,98.3,Missed
2024,9,September,Q3,East,Jharkhand,Product A,FMCG,SP022,1169000.0,1050500.0,-118500.0,89.9,Missed
2024,9,September,Q3,East,West Bengal,Product B,FMCG,SP015,1095000.0,1128200.0,33200.0,103.0,Achieved
2024,9,September,Q3,East,Odisha,Product B,FMCG,SP005,536000.0,466400.0,-69600.0,87.0,Missed
2024,9,September,Q3,East,Bihar,Product B,FMCG,SP008,963000.0,776100.0,-186900.0,80.6,Missed
2024,9,September,Q3,East,Jharkhand,Product B,FMCG,SP012,863000.0,694400.0,-168600.0,80.5,Missed
2024,9,September,Q3,East,West Bengal,Product C,Pharma,SP019,486000.0,382900.0,-103100.0,78.8,Missed
2024,9,September,Q3,East,Odisha,Product C,Pharma,SP008,758000.0,776300.0,18300.0,102.4,Achieved
2024,9,September,Q3,East,Bihar,Product C,Pharma,SP016,864000.0,971800.0,107800.0,112.5,Achieved
2024,9,September,Q3,East,Jharkhand,Product C,Pharma,SP007,301000.0,230500.0,-70500.0,76.6,Missed
2024,9,September,Q3,East,West Bengal,Product D,Pharma,SP002,943000.0,787800.0,-155200.0,83.5,Missed
2024,9,September,Q3,East,Odisha,Product D,Pharma,SP007,582000.0,503700.0,-78300.0,86.5,Missed
2024,9,September,Q3,East,Bihar,Product D,Pharma,SP026,874000.0,1134400.0,260400.0,129.8,Achieved
2024,9,September,Q3,East,Jharkhand,Product D,Pharma,SP004,966000.0,963300.0,-2700.0,99.7,Missed
2024,9,September,Q3,East,West Bengal,Product E,Industrial,SP003,480000.0,493300.0,13300.0,102.8,Achieved
2024,9,September,Q3,East,Odisha,Product E,Industrial,SP021,698000.0,557700.0,-140300.0,79.9,Missed
2024,9,September,Q3,East,Bihar,Product E,Industrial,SP017,733000.0,765200.0,32200.0,104.4,Achieved
2024,9,September,Q3,East,Jharkhand,Product E,Industrial,SP029,314000.0,254200.0,-59800.0,80.9,Missed
2024,9,September,Q3,West,Maharashtra,Product A,FMCG,SP030,1028000.0,833500.0,-194500.0,81.1,Missed
2024,9,September,Q3,West,Gujarat,Product A,FMCG,SP018,413000.0,250000.0,-163000.0,60.5,Missed
2024,9,September,Q3,West,Rajasthan,Product A,FMCG,SP028,831000.0,927300.0,96300.0,111.6,Achieved
2024,9,September,Q3,West,Goa,Product A,FMCG,SP023,650000.0,669900.0,19900.0,103.1,Achieved
2024,9,September,Q3,West,Maharashtra,Product B,FMCG,SP004,857000.0,836300.0,-20700.0,97.6,Missed
2024,9,September,Q3,West,Gujarat,Product B,FMCG,SP003,840000.0,941100.0,101100.0,112.0,Achieved
2024,9,September,Q3,West,Rajasthan,Product B,FMCG,SP010,1181000.0,913200.0,-267800.0,77.3,Missed
2024,9,September,Q3,West,Goa,Product B,FMCG,SP014,397000.0,413500.0,16500.0,104.1,Achieved
2024,9,September,Q3,West,Maharashtra,Product C,Pharma,SP019,1006000.0,858000.0,-148000.0,85.3,Missed
2024,9,September,Q3,West,Gujarat,Product C,Pharma,SP011,827000.0,905800.0,78800.0,109.5,Achieved
2024,9,September,Q3,West,Rajasthan,Product C,Pharma,SP022,1194000.0,1391300.0,197300.0,116.5,Achieved
2024,9,September,Q3,West,Goa,Product C,Pharma,SP024,324000.0,276600.0,-47400.0,85.4,Missed
2024,9,September,Q3,West,Maharashtra,Product D,Pharma,SP012,965000.0,823800.0,-141200.0,85.4,Missed
2024,9,September,Q3,West,Gujarat,Product D,Pharma,SP025,845000.0,786900.0,-58100.0,93.1,Missed
2024,9,September,Q3,West,Rajasthan,Product D,Pharma,SP021,770000.0,751700.0,-18300.0,97.6,Missed
2024,9,September,Q3,West,Goa,Product D,Pharma,SP011,1186000.0,1166000.0,-20000.0,98.3,Missed
2024,9,September,Q3,West,Maharashtra,Product E,Industrial,SP023,1062000.0,970400.0,-91600.0,91.4,Missed
2024,9,September,Q3,West,Gujarat,Product E,Industrial,SP027,1100000.0,1058300.0,-41700.0,96.2,Missed
2024,9,September,Q3,West,Rajasthan,Product E,Industrial,SP010,597000.0,778800.0,181800.0,130.5,Achieved
2024,9,September,Q3,West,Goa,Product E,Industrial,SP003,1190000.0,1086400.0,-103600.0,91.3,Missed
2024,9,September,Q3,Central,MP,Product A,FMCG,SP013,320000.0,275300.0,-44700.0,86.0,Missed
2024,9,September,Q3,Central,Chhattisgarh,Product A,FMCG,SP022,852000.0,830500.0,-21500.0,97.5,Missed
2024,9,September,Q3,Central,Uttarakhand,Product A,FMCG,SP007,433000.0,412400.0,-20600.0,95.3,Missed
2024,9,September,Q3,Central,MP,Product B,FMCG,SP029,1069000.0,841100.0,-227900.0,78.7,Missed
2024,9,September,Q3,Central,Chhattisgarh,Product B,FMCG,SP026,945000.0,848900.0,-96100.0,89.8,Missed
2024,9,September,Q3,Central,Uttarakhand,Product B,FMCG,SP030,1105000.0,1065400.0,-39600.0,96.4,Missed
2024,9,September,Q3,Central,MP,Product C,Pharma,SP019,692000.0,702000.0,10000.0,101.4,Achieved
2024,9,September,Q3,Central,Chhattisgarh,Product C,Pharma,SP003,344000.0,323600.0,-20400.0,94.1,Missed
2024,9,September,Q3,Central,Uttarakhand,Product C,Pharma,SP001,867000.0,837200.0,-29800.0,96.6,Missed
2024,9,September,Q3,Central,MP,Product D,Pharma,SP024,705000.0,631700.0,-73300.0,89.6,Missed
2024,9,September,Q3,Central,Chhattisgarh,Product D,Pharma,SP001,1123000.0,1003600.0,-119400.0,89.4,Missed
2024,9,September,Q3,Central,Uttarakhand,Product D,Pharma,SP002,871000.0,802200.0,-68800.0,92.1,Missed
2024,9,September,Q3,Central,MP,Product E,Industrial,SP020,757000.0,587000.0,-170000.0,77.5,Missed
2024,9,September,Q3,Central,Chhattisgarh,Product E,Industrial,SP006,309000.0,190300.0,-118700.0,61.6,Missed
2024,9,September,Q3,Central,Uttarakhand,Product E,Industrial,SP021,689000.0,509500.0,-179500.0,73.9,Missed
2024,10,October,Q4,North,Delhi,Product A,FMCG,SP010,959000.0,719700.0,-239300.0,75.0,Missed
2024,10,October,Q4,North,Punjab,Product A,FMCG,SP021,739000.0,828800.0,89800.0,112.2,Achieved
2024,10,October,Q4,North,Haryana,Product A,FMCG,SP030,666000.0,576600.0,-89400.0,86.6,Missed
2024,10,October,Q4,North,UP,Product A,FMCG,SP028,281000.0,261500.0,-19500.0,93.0,Missed
2024,10,October,Q4,North,Delhi,Product B,FMCG,SP001,652000.0,650600.0,-1400.0,99.8,Missed
2024,10,October,Q4,North,Punjab,Product B,FMCG,SP010,956000.0,1092300.0,136300.0,114.3,Achieved
2024,10,October,Q4,North,Haryana,Product B,FMCG,SP007,494000.0,597100.0,103100.0,120.9,Achieved
2024,10,October,Q4,North,UP,Product B,FMCG,SP025,345000.0,353300.0,8300.0,102.4,Achieved
2024,10,October,Q4,North,Delhi,Product C,Pharma,SP026,576000.0,500100.0,-75900.0,86.8,Missed
2024,10,October,Q4,North,Punjab,Product C,Pharma,SP011,413000.0,274800.0,-138200.0,66.5,Missed
2024,10,October,Q4,North,Haryana,Product C,Pharma,SP004,289000.0,302800.0,13800.0,104.8,Achieved
2024,10,October,Q4,North,UP,Product C,Pharma,SP026,1059000.0,1006000.0,-53000.0,95.0,Missed
2024,10,October,Q4,North,Delhi,Product D,Pharma,SP017,945000.0,711600.0,-233400.0,75.3,Missed
2024,10,October,Q4,North,Punjab,Product D,Pharma,SP026,881000.0,730100.0,-150900.0,82.9,Missed
2024,10,October,Q4,North,Haryana,Product D,Pharma,SP028,926000.0,527400.0,-398600.0,57.0,Missed
2024,10,October,Q4,North,UP,Product D,Pharma,SP029,784000.0,635700.0,-148300.0,81.1,Missed
2024,10,October,Q4,North,Delhi,Product E,Industrial,SP009,460000.0,519100.0,59100.0,112.9,Achieved
2024,10,October,Q4,North,Punjab,Product E,Industrial,SP030,448000.0,496600.0,48600.0,110.9,Achieved
2024,10,October,Q4,North,Haryana,Product E,Industrial,SP026,519000.0,500400.0,-18600.0,96.4,Missed
2024,10,October,Q4,North,UP,Product E,Industrial,SP018,671000.0,578700.0,-92300.0,86.2,Missed
2024,10,October,Q4,South,Karnataka,Product A,FMCG,SP006,720000.0,682200.0,-37800.0,94.7,Missed
2024,10,October,Q4,South,Tamil Nadu,Product A,FMCG,SP027,760000.0,741000.0,-19000.0,97.5,Missed
2024,10,October,Q4,South,Telangana,Product A,FMCG,SP026,441000.0,323700.0,-117300.0,73.4,Missed
2024,10,October,Q4,South,Kerala,Product A,FMCG,SP007,915000.0,769300.0,-145700.0,84.1,Missed
2024,10,October,Q4,South,Karnataka,Product B,FMCG,SP019,752000.0,894500.0,142500.0,118.9,Achieved
2024,10,October,Q4,South,Tamil Nadu,Product B,FMCG,SP020,571000.0,436900.0,-134100.0,76.5,Missed
2024,10,October,Q4,South,Telangana,Product B,FMCG,SP019,843000.0,651400.0,-191600.0,77.3,Missed
2024,10,October,Q4,South,Kerala,Product B,FMCG,SP015,722000.0,688100.0,-33900.0,95.3,Missed
2024,10,October,Q4,South,Karnataka,Product C,Pharma,SP029,1016000.0,949600.0,-66400.0,93.5,Missed
2024,10,October,Q4,South,Tamil Nadu,Product C,Pharma,SP011,767000.0,738800.0,-28200.0,96.3,Missed
2024,10,October,Q4,South,Telangana,Product C,Pharma,SP001,961000.0,1176500.0,215500.0,122.4,Achieved
2024,10,October,Q4,South,Kerala,Product C,Pharma,SP016,456000.0,332200.0,-123800.0,72.9,Missed
2024,10,October,Q4,South,Karnataka,Product D,Pharma,SP015,645000.0,484600.0,-160400.0,75.1,Missed
2024,10,October,Q4,South,Tamil Nadu,Product D,Pharma,SP004,312000.0,218200.0,-93800.0,69.9,Missed
2024,10,October,Q4,South,Telangana,Product D,Pharma,SP023,773000.0,765800.0,-7200.0,99.1,Missed
2024,10,October,Q4,South,Kerala,Product D,Pharma,SP002,311000.0,386000.0,75000.0,124.1,Achieved
2024,10,October,Q4,South,Karnataka,Product E,Industrial,SP023,737000.0,655700.0,-81300.0,89.0,Missed
2024,10,October,Q4,South,Tamil Nadu,Product E,Industrial,SP023,939000.0,864600.0,-74400.0,92.1,Missed
2024,10,October,Q4,South,Telangana,Product E,Industrial,SP008,917000.0,704900.0,-212100.0,76.9,Missed
2024,10,October,Q4,South,Kerala,Product E,Industrial,SP024,650000.0,641700.0,-8300.0,98.7,Missed
2024,10,October,Q4,East,West Bengal,Product A,FMCG,SP010,309000.0,293800.0,-15200.0,95.1,Missed
2024,10,October,Q4,East,Odisha,Product A,FMCG,SP017,812000.0,802700.0,-9300.0,98.8,Missed
2024,10,October,Q4,East,Bihar,Product A,FMCG,SP027,385000.0,496600.0,111600.0,129.0,Achieved
2024,10,October,Q4,East,Jharkhand,Product A,FMCG,SP028,509000.0,361100.0,-147900.0,70.9,Missed
2024,10,October,Q4,East,West Bengal,Product B,FMCG,SP008,1029000.0,1057600.0,28600.0,102.8,Achieved
2024,10,October,Q4,East,Odisha,Product B,FMCG,SP028,419000.0,424200.0,5200.0,101.3,Achieved
2024,10,October,Q4,East,Bihar,Product B,FMCG,SP029,419000.0,306000.0,-113000.0,73.0,Missed
2024,10,October,Q4,East,Jharkhand,Product B,FMCG,SP012,474000.0,469600.0,-4400.0,99.1,Missed
2024,10,October,Q4,East,West Bengal,Product C,Pharma,SP028,591000.0,507600.0,-83400.0,85.9,Missed
2024,10,October,Q4,East,Odisha,Product C,Pharma,SP013,626000.0,567600.0,-58400.0,90.7,Missed
2024,10,October,Q4,East,Bihar,Product C,Pharma,SP018,547000.0,518500.0,-28500.0,94.8,Missed
2024,10,October,Q4,East,Jharkhand,Product C,Pharma,SP021,1071000.0,923900.0,-147100.0,86.3,Missed
2024,10,October,Q4,East,West Bengal,Product D,Pharma,SP010,611000.0,400200.0,-210800.0,65.5,Missed
2024,10,October,Q4,East,Odisha,Product D,Pharma,SP008,724000.0,677600.0,-46400.0,93.6,Missed
2024,10,October,Q4,East,Bihar,Product D,Pharma,SP026,1011000.0,1122800.0,111800.0,111.1,Achieved
2024,10,October,Q4,East,Jharkhand,Product D,Pharma,SP017,569000.0,593400.0,24400.0,104.3,Achieved
2024,10,October,Q4,East,West Bengal,Product E,Industrial,SP029,538000.0,500100.0,-37900.0,93.0,Missed
2024,10,October,Q4,East,Odisha,Product E,Industrial,SP001,691000.0,620500.0,-70500.0,89.8,Missed
2024,10,October,Q4,East,Bihar,Product E,Industrial,SP016,1049000.0,990300.0,-58700.0,94.4,Missed
2024,10,October,Q4,East,Jharkhand,Product E,Industrial,SP013,625000.0,680400.0,55400.0,108.9,Achieved
2024,10,October,Q4,West,Maharashtra,Product A,FMCG,SP023,584000.0,360300.0,-223700.0,61.7,Missed
2024,10,October,Q4,West,Gujarat,Product A,FMCG,SP021,432000.0,496200.0,64200.0,114.9,Achieved
2024,10,October,Q4,West,Rajasthan,Product A,FMCG,SP028,332000.0,269800.0,-62200.0,81.3,Missed
2024,10,October,Q4,West,Goa,Product A,FMCG,SP025,965000.0,688700.0,-276300.0,71.4,Missed
2024,10,October,Q4,West,Maharashtra,Product B,FMCG,SP013,533000.0,585000.0,52000.0,109.8,Achieved
2024,10,October,Q4,West,Gujarat,Product B,FMCG,SP019,601000.0,687400.0,86400.0,114.4,Achieved
2024,10,October,Q4,West,Rajasthan,Product B,FMCG,SP002,972000.0,691800.0,-280200.0,71.2,Missed
2024,10,October,Q4,West,Goa,Product B,FMCG,SP013,833000.0,698100.0,-134900.0,83.8,Missed
2024,10,October,Q4,West,Maharashtra,Product C,Pharma,SP014,569000.0,525000.0,-44000.0,92.3,Missed
2024,10,October,Q4,West,Gujarat,Product C,Pharma,SP011,677000.0,632200.0,-44800.0,93.4,Missed
2024,10,October,Q4,West,Rajasthan,Product C,Pharma,SP029,546000.0,460700.0,-85300.0,84.4,Missed
2024,10,October,Q4,West,Goa,Product C,Pharma,SP024,556000.0,526200.0,-29800.0,94.6,Missed
2024,10,October,Q4,West,Maharashtra,Product D,Pharma,SP019,697000.0,653000.0,-44000.0,93.7,Missed
2024,10,October,Q4,West,Gujarat,Product D,Pharma,SP009,487000.0,502800.0,15800.0,103.2,Achieved
2024,10,October,Q4,West,Rajasthan,Product D,Pharma,SP022,618000.0,672600.0,54600.0,108.8,Achieved
2024,10,October,Q4,West,Goa,Product D,Pharma,SP004,288000.0,213600.0,-74400.0,74.2,Missed
2024,10,October,Q4,West,Maharashtra,Product E,Industrial,SP004,505000.0,565500.0,60500.0,112.0,Achieved
2024,10,October,Q4,West,Gujarat,Product E,Industrial,SP008,1004000.0,992000.0,-12000.0,98.8,Missed
2024,10,October,Q4,West,Rajasthan,Product E,Industrial,SP002,824000.0,527400.0,-296600.0,64.0,Missed
2024,10,October,Q4,West,Goa,Product E,Industrial,SP013,656000.0,650000.0,-6000.0,99.1,Missed
2024,10,October,Q4,Central,MP,Product A,FMCG,SP030,988000.0,1021000.0,33000.0,103.3,Achieved
2024,10,October,Q4,Central,Chhattisgarh,Product A,FMCG,SP016,679000.0,339500.0,-339500.0,50.0,Missed
2024,10,October,Q4,Central,Uttarakhand,Product A,FMCG,SP013,704000.0,534600.0,-169400.0,75.9,Missed
2024,10,October,Q4,Central,MP,Product B,FMCG,SP009,622000.0,636800.0,14800.0,102.4,Achieved
2024,10,October,Q4,Central,Chhattisgarh,Product B,FMCG,SP005,747000.0,680300.0,-66700.0,91.1,Missed
2024,10,October,Q4,Central,Uttarakhand,Product B,FMCG,SP029,732000.0,751400.0,19400.0,102.6,Achieved
2024,10,October,Q4,Central,MP,Product C,Pharma,SP016,493000.0,445500.0,-47500.0,90.4,Missed
2024,10,October,Q4,Central,Chhattisgarh,Product C,Pharma,SP005,934000.0,909900.0,-24100.0,97.4,Missed
2024,10,October,Q4,Central,Uttarakhand,Product C,Pharma,SP030,271000.0,292100.0,21100.0,107.8,Achieved
2024,10,October,Q4,Central,MP,Product D,Pharma,SP020,1004000.0,955900.0,-48100.0,95.2,Missed
2024,10,October,Q4,Central,Chhattisgarh,Product D,Pharma,SP027,1044000.0,979600.0,-64400.0,93.8,Missed
2024,10,October,Q4,Central,Uttarakhand,Product D,Pharma,SP014,389000.0,443000.0,54000.0,113.9,Achieved
2024,10,October,Q4,Central,MP,Product E,Industrial,SP006,837000.0,936500.0,99500.0,111.9,Achieved
2024,10,October,Q4,Central,Chhattisgarh,Product E,Industrial,SP017,376000.0,353300.0,-22700.0,94.0,Missed
2024,10,October,Q4,Central,Uttarakhand,Product E,Industrial,SP030,844000.0,987100.0,143100.0,117.0,Achieved
2024,11,November,Q4,North,Delhi,Product A,FMCG,SP007,806000.0,861900.0,55900.0,106.9,Achieved
2024,11,November,Q4,North,Punjab,Product A,FMCG,SP027,714000.0,505900.0,-208100.0,70.9,Missed
2024,11,November,Q4,North,Haryana,Product A,FMCG,SP025,710000.0,660300.0,-49700.0,93.0,Missed
2024,11,November,Q4,North,UP,Product A,FMCG,SP019,509000.0,445900.0,-63100.0,87.6,Missed
2024,11,November,Q4,North,Delhi,Product B,FMCG,SP022,515000.0,602400.0,87400.0,117.0,Achieved
2024,11,November,Q4,North,Punjab,Product B,FMCG,SP014,747000.0,827500.0,80500.0,110.8,Achieved
2024,11,November,Q4,North,Haryana,Product B,FMCG,SP002,259000.0,202100.0,-56900.0,78.0,Missed
2024,11,November,Q4,North,UP,Product B,FMCG,SP030,253000.0,249000.0,-4000.0,98.4,Missed
2024,11,November,Q4,North,Delhi,Product C,Pharma,SP022,525000.0,521400.0,-3600.0,99.3,Missed
2024,11,November,Q4,North,Punjab,Product C,Pharma,SP019,882000.0,622500.0,-259500.0,70.6,Missed
2024,11,November,Q4,North,Haryana,Product C,Pharma,SP030,767000.0,680200.0,-86800.0,88.7,Missed
2024,11,November,Q4,North,UP,Product C,Pharma,SP007,970000.0,790900.0,-179100.0,81.5,Missed
2024,11,November,Q4,North,Delhi,Product D,Pharma,SP023,850000.0,504300.0,-345700.0,59.3,Missed
2024,11,November,Q4,North,Punjab,Product D,Pharma,SP015,923000.0,679300.0,-243700.0,73.6,Missed
2024,11,November,Q4,North,Haryana,Product D,Pharma,SP014,425000.0,486100.0,61100.0,114.4,Achieved
2024,11,November,Q4,North,UP,Product D,Pharma,SP020,456000.0,474500.0,18500.0,104.1,Achieved
2024,11,November,Q4,North,Delhi,Product E,Industrial,SP011,616000.0,697800.0,81800.0,113.3,Achieved
2024,11,November,Q4,North,Punjab,Product E,Industrial,SP011,328000.0,278800.0,-49200.0,85.0,Missed
2024,11,November,Q4,North,Haryana,Product E,Industrial,SP028,708000.0,826300.0,118300.0,116.7,Achieved
2024,11,November,Q4,North,UP,Product E,Industrial,SP003,962000.0,718700.0,-243300.0,74.7,Missed
2024,11,November,Q4,South,Karnataka,Product A,FMCG,SP022,343000.0,385900.0,42900.0,112.5,Achieved
2024,11,November,Q4,South,Tamil Nadu,Product A,FMCG,SP021,619000.0,648300.0,29300.0,104.7,Achieved
2024,11,November,Q4,South,Telangana,Product A,FMCG,SP028,383000.0,353100.0,-29900.0,92.2,Missed
2024,11,November,Q4,South,Kerala,Product A,FMCG,SP020,899000.0,675600.0,-223400.0,75.1,Missed
2024,11,November,Q4,South,Karnataka,Product B,FMCG,SP013,877000.0,871100.0,-5900.0,99.3,Missed
2024,11,November,Q4,South,Tamil Nadu,Product B,FMCG,SP009,481000.0,427100.0,-53900.0,88.8,Missed
2024,11,November,Q4,South,Telangana,Product B,FMCG,SP026,988000.0,835800.0,-152200.0,84.6,Missed
2024,11,November,Q4,South,Kerala,Product B,FMCG,SP004,868000.0,659900.0,-208100.0,76.0,Missed
2024,11,November,Q4,South,Karnataka,Product C,Pharma,SP004,542000.0,558000.0,16000.0,103.0,Achieved
2024,11,November,Q4,South,Tamil Nadu,Product C,Pharma,SP025,874000.0,720500.0,-153500.0,82.4,Missed
2024,11,November,Q4,South,Telangana,Product C,Pharma,SP026,722000.0,901000.0,179000.0,124.8,Achieved
2024,11,November,Q4,South,Kerala,Product C,Pharma,SP003,410000.0,378300.0,-31700.0,92.3,Missed
2024,11,November,Q4,South,Karnataka,Product D,Pharma,SP023,492000.0,447900.0,-44100.0,91.0,Missed
2024,11,November,Q4,South,Tamil Nadu,Product D,Pharma,SP006,929000.0,835700.0,-93300.0,90.0,Missed
2024,11,November,Q4,South,Telangana,Product D,Pharma,SP030,602000.0,726300.0,124300.0,120.6,Achieved
2024,11,November,Q4,South,Kerala,Product D,Pharma,SP023,898000.0,962000.0,64000.0,107.1,Achieved
2024,11,November,Q4,South,Karnataka,Product E,Industrial,SP013,784000.0,603900.0,-180100.0,77.0,Missed
2024,11,November,Q4,South,Tamil Nadu,Product E,Industrial,SP027,678000.0,838000.0,160000.0,123.6,Achieved
2024,11,November,Q4,South,Telangana,Product E,Industrial,SP019,381000.0,407400.0,26400.0,106.9,Achieved
2024,11,November,Q4,South,Kerala,Product E,Industrial,SP018,602000.0,461300.0,-140700.0,76.6,Missed
2024,11,November,Q4,East,West Bengal,Product A,FMCG,SP020,918000.0,749000.0,-169000.0,81.6,Missed
2024,11,November,Q4,East,Odisha,Product A,FMCG,SP024,349000.0,344900.0,-4100.0,98.8,Missed
2024,11,November,Q4,East,Bihar,Product A,FMCG,SP007,696000.0,596900.0,-99100.0,85.8,Missed
2024,11,November,Q4,East,Jharkhand,Product A,FMCG,SP017,766000.0,939100.0,173100.0,122.6,Achieved
2024,11,November,Q4,East,West Bengal,Product B,FMCG,SP020,699000.0,608400.0,-90600.0,87.0,Missed
2024,11,November,Q4,East,Odisha,Product B,FMCG,SP016,454000.0,488600.0,34600.0,107.6,Achieved
2024,11,November,Q4,East,Bihar,Product B,FMCG,SP010,751000.0,551700.0,-199300.0,73.5,Missed
2024,11,November,Q4,East,Jharkhand,Product B,FMCG,SP022,938000.0,836400.0,-101600.0,89.2,Missed
2024,11,November,Q4,East,West Bengal,Product C,Pharma,SP001,648000.0,711000.0,63000.0,109.7,Achieved
2024,11,November,Q4,East,Odisha,Product C,Pharma,SP015,986000.0,781200.0,-204800.0,79.2,Missed
2024,11,November,Q4,East,Bihar,Product C,Pharma,SP015,292000.0,273300.0,-18700.0,93.6,Missed
2024,11,November,Q4,East,Jharkhand,Product C,Pharma,SP007,566000.0,565500.0,-500.0,99.9,Missed
2024,11,November,Q4,East,West Bengal,Product D,Pharma,SP024,288000.0,253000.0,-35000.0,87.8,Missed
2024,11,November,Q4,East,Odisha,Product D,Pharma,SP013,733000.0,671600.0,-61400.0,91.6,Missed
2024,11,November,Q4,East,Bihar,Product D,Pharma,SP006,632000.0,536400.0,-95600.0,84.9,Missed
2024,11,November,Q4,East,Jharkhand,Product D,Pharma,SP019,794000.0,616100.0,-177900.0,77.6,Missed
2024,11,November,Q4,East,West Bengal,Product E,Industrial,SP008,727000.0,613500.0,-113500.0,84.4,Missed
2024,11,November,Q4,East,Odisha,Product E,Industrial,SP011,924000.0,840800.0,-83200.0,91.0,Missed
2024,11,November,Q4,East,Bihar,Product E,Industrial,SP022,677000.0,642200.0,-34800.0,94.9,Missed
2024,11,November,Q4,East,Jharkhand,Product E,Industrial,SP023,783000.0,672700.0,-110300.0,85.9,Missed
2024,11,November,Q4,West,Maharashtra,Product A,FMCG,SP017,499000.0,512800.0,13800.0,102.8,Achieved
2024,11,November,Q4,West,Gujarat,Product A,FMCG,SP007,397000.0,504700.0,107700.0,127.1,Achieved
2024,11,November,Q4,West,Rajasthan,Product A,FMCG,SP004,384000.0,348100.0,-35900.0,90.6,Missed
2024,11,November,Q4,West,Goa,Product A,FMCG,SP004,342000.0,233400.0,-108600.0,68.3,Missed
2024,11,November,Q4,West,Maharashtra,Product B,FMCG,SP008,250000.0,184400.0,-65600.0,73.7,Missed
2024,11,November,Q4,West,Gujarat,Product B,FMCG,SP011,772000.0,851100.0,79100.0,110.2,Achieved
2024,11,November,Q4,West,Rajasthan,Product B,FMCG,SP013,748000.0,841600.0,93600.0,112.5,Achieved
2024,11,November,Q4,West,Goa,Product B,FMCG,SP005,520000.0,547400.0,27400.0,105.3,Achieved
2024,11,November,Q4,West,Maharashtra,Product C,Pharma,SP028,885000.0,835400.0,-49600.0,94.4,Missed
2024,11,November,Q4,West,Gujarat,Product C,Pharma,SP004,310000.0,278700.0,-31300.0,89.9,Missed
2024,11,November,Q4,West,Rajasthan,Product C,Pharma,SP020,692000.0,624200.0,-67800.0,90.2,Missed
2024,11,November,Q4,West,Goa,Product C,Pharma,SP005,716000.0,941000.0,225000.0,131.4,Achieved
2024,11,November,Q4,West,Maharashtra,Product D,Pharma,SP025,503000.0,397200.0,-105800.0,79.0,Missed
2024,11,November,Q4,West,Gujarat,Product D,Pharma,SP011,799000.0,667600.0,-131400.0,83.6,Missed
2024,11,November,Q4,West,Rajasthan,Product D,Pharma,SP005,366000.0,375500.0,9500.0,102.6,Achieved
2024,11,November,Q4,West,Goa,Product D,Pharma,SP017,496000.0,542000.0,46000.0,109.3,Achieved
2024,11,November,Q4,West,Maharashtra,Product E,Industrial,SP022,749000.0,679400.0,-69600.0,90.7,Missed
2024,11,November,Q4,West,Gujarat,Product E,Industrial,SP009,673000.0,566300.0,-106700.0,84.2,Missed
2024,11,November,Q4,West,Rajasthan,Product E,Industrial,SP004,580000.0,525600.0,-54400.0,90.6,Missed
2024,11,November,Q4,West,Goa,Product E,Industrial,SP021,955000.0,725000.0,-230000.0,75.9,Missed
2024,11,November,Q4,Central,MP,Product A,FMCG,SP009,256000.0,271600.0,15600.0,106.1,Achieved
2024,11,November,Q4,Central,Chhattisgarh,Product A,FMCG,SP017,830000.0,740400.0,-89600.0,89.2,Missed
2024,11,November,Q4,Central,Uttarakhand,Product A,FMCG,SP027,384000.0,369900.0,-14100.0,96.3,Missed
2024,11,November,Q4,Central,MP,Product B,FMCG,SP015,855000.0,741900.0,-113100.0,86.8,Missed
2024,11,November,Q4,Central,Chhattisgarh,Product B,FMCG,SP027,509000.0,509700.0,700.0,100.1,Achieved
2024,11,November,Q4,Central,Uttarakhand,Product B,FMCG,SP001,494000.0,419800.0,-74200.0,85.0,Missed
2024,11,November,Q4,Central,MP,Product C,Pharma,SP001,690000.0,609900.0,-80100.0,88.4,Missed
2024,11,November,Q4,Central,Chhattisgarh,Product C,Pharma,SP015,341000.0,278300.0,-62700.0,81.6,Missed
2024,11,November,Q4,Central,Uttarakhand,Product C,Pharma,SP009,870000.0,862500.0,-7500.0,99.1,Missed
2024,11,November,Q4,Central,MP,Product D,Pharma,SP030,505000.0,555700.0,50700.0,110.0,Achieved
2024,11,November,Q4,Central,Chhattisgarh,Product D,Pharma,SP005,634000.0,605800.0,-28200.0,95.5,Missed
2024,11,November,Q4,Central,Uttarakhand,Product D,Pharma,SP011,266000.0,244000.0,-22000.0,91.7,Missed
2024,11,November,Q4,Central,MP,Product E,Industrial,SP018,976000.0,811300.0,-164700.0,83.1,Missed
2024,11,November,Q4,Central,Chhattisgarh,Product E,Industrial,SP001,581000.0,419800.0,-161200.0,72.3,Missed
2024,11,November,Q4,Central,Uttarakhand,Product E,Industrial,SP027,396000.0,266200.0,-129800.0,67.2,Missed
2024,12,December,Q4,North,Delhi,Product A,FMCG,SP025,272000.0,243100.0,-28900.0,89.4,Missed
2024,12,December,Q4,North,Punjab,Product A,FMCG,SP025,820000.0,690900.0,-129100.0,84.3,Missed
2024,12,December,Q4,North,Haryana,Product A,FMCG,SP026,793000.0,567100.0,-225900.0,71.5,Missed
2024,12,December,Q4,North,UP,Product A,FMCG,SP026,716000.0,661000.0,-55000.0,92.3,Missed
2024,12,December,Q4,North,Delhi,Product B,FMCG,SP002,406000.0,307700.0,-98300.0,75.8,Missed
2024,12,December,Q4,North,Punjab,Product B,FMCG,SP027,839000.0,933200.0,94200.0,111.2,Achieved
2024,12,December,Q4,North,Haryana,Product B,FMCG,SP010,850000.0,860900.0,10900.0,101.3,Achieved
2024,12,December,Q4,North,UP,Product B,FMCG,SP011,399000.0,387100.0,-11900.0,97.0,Missed
2024,12,December,Q4,North,Delhi,Product C,Pharma,SP003,497000.0,361100.0,-135900.0,72.7,Missed
2024,12,December,Q4,North,Punjab,Product C,Pharma,SP028,508000.0,441700.0,-66300.0,86.9,Missed
2024,12,December,Q4,North,Haryana,Product C,Pharma,SP004,469000.0,381700.0,-87300.0,81.4,Missed
2024,12,December,Q4,North,UP,Product C,Pharma,SP005,302000.0,274300.0,-27700.0,90.8,Missed
2024,12,December,Q4,North,Delhi,Product D,Pharma,SP020,840000.0,682100.0,-157900.0,81.2,Missed
2024,12,December,Q4,North,Punjab,Product D,Pharma,SP021,665000.0,483900.0,-181100.0,72.8,Missed
2024,12,December,Q4,North,Haryana,Product D,Pharma,SP017,527000.0,379400.0,-147600.0,72.0,Missed
2024,12,December,Q4,North,UP,Product D,Pharma,SP027,384000.0,345400.0,-38600.0,90.0,Missed
2024,12,December,Q4,North,Delhi,Product E,Industrial,SP028,382000.0,262300.0,-119700.0,68.7,Missed
2024,12,December,Q4,North,Punjab,Product E,Industrial,SP023,743000.0,795800.0,52800.0,107.1,Achieved
2024,12,December,Q4,North,Haryana,Product E,Industrial,SP030,734000.0,553000.0,-181000.0,75.3,Missed
2024,12,December,Q4,North,UP,Product E,Industrial,SP016,597000.0,551400.0,-45600.0,92.4,Missed
2024,12,December,Q4,South,Karnataka,Product A,FMCG,SP009,329000.0,301900.0,-27100.0,91.8,Missed
2024,12,December,Q4,South,Tamil Nadu,Product A,FMCG,SP018,680000.0,664700.0,-15300.0,97.7,Missed
2024,12,December,Q4,South,Telangana,Product A,FMCG,SP007,738000.0,755000.0,17000.0,102.3,Achieved
2024,12,December,Q4,South,Kerala,Product A,FMCG,SP012,733000.0,520300.0,-212700.0,71.0,Missed
2024,12,December,Q4,South,Karnataka,Product B,FMCG,SP029,383000.0,394300.0,11300.0,102.9,Achieved
2024,12,December,Q4,South,Tamil Nadu,Product B,FMCG,SP019,841000.0,585900.0,-255100.0,69.7,Missed
2024,12,December,Q4,South,Telangana,Product B,FMCG,SP013,562000.0,563000.0,1000.0,100.2,Achieved
2024,12,December,Q4,South,Kerala,Product B,FMCG,SP019,484000.0,504100.0,20100.0,104.2,Achieved
2024,12,December,Q4,South,Karnataka,Product C,Pharma,SP023,518000.0,368300.0,-149700.0,71.1,Missed
2024,12,December,Q4,South,Tamil Nadu,Product C,Pharma,SP013,699000.0,624900.0,-74100.0,89.4,Missed
2024,12,December,Q4,South,Telangana,Product C,Pharma,SP027,784000.0,826900.0,42900.0,105.5,Achieved
2024,12,December,Q4,South,Kerala,Product C,Pharma,SP024,423000.0,374900.0,-48100.0,88.6,Missed
2024,12,December,Q4,South,Karnataka,Product D,Pharma,SP025,808000.0,779700.0,-28300.0,96.5,Missed
2024,12,December,Q4,South,Tamil Nadu,Product D,Pharma,SP003,905000.0,1150400.0,245400.0,127.1,Achieved
2024,12,December,Q4,South,Telangana,Product D,Pharma,SP021,725000.0,458700.0,-266300.0,63.3,Missed
2024,12,December,Q4,South,Kerala,Product D,Pharma,SP012,537000.0,441800.0,-95200.0,82.3,Missed
2024,12,December,Q4,South,Karnataka,Product E,Industrial,SP019,313000.0,364300.0,51300.0,116.4,Achieved
2024,12,December,Q4,South,Tamil Nadu,Product E,Industrial,SP002,289000.0,192400.0,-96600.0,66.6,Missed
2024,12,December,Q4,South,Telangana,Product E,Industrial,SP014,846000.0,845500.0,-500.0,99.9,Missed
2024,12,December,Q4,South,Kerala,Product E,Industrial,SP017,372000.0,372200.0,200.0,100.1,Achieved
2024,12,December,Q4,East,West Bengal,Product A,FMCG,SP019,275000.0,344600.0,69600.0,125.3,Achieved
2024,12,December,Q4,East,Odisha,Product A,FMCG,SP011,385000.0,349000.0,-36000.0,90.6,Missed
2024,12,December,Q4,East,Bihar,Product A,FMCG,SP001,470000.0,484400.0,14400.0,103.1,Achieved
2024,12,December,Q4,East,Jharkhand,Product A,FMCG,SP002,825000.0,932000.0,107000.0,113.0,Achieved
2024,12,December,Q4,East,West Bengal,Product B,FMCG,SP024,584000.0,363600.0,-220400.0,62.3,Missed
2024,12,December,Q4,East,Odisha,Product B,FMCG,SP027,675000.0,682800.0,7800.0,101.2,Achieved
2024,12,December,Q4,East,Bihar,Product B,FMCG,SP026,945000.0,1032900.0,87900.0,109.3,Achieved
2024,12,December,Q4,East,Jharkhand,Product B,FMCG,SP015,249000.0,238400.0,-10600.0,95.7,Missed
2024,12,December,Q4,East,West Bengal,Product C,Pharma,SP012,668000.0,530800.0,-137200.0,79.5,Missed
2024,12,December,Q4,East,Odisha,Product C,Pharma,SP028,519000.0,570700.0,51700.0,110.0,Achieved
2024,12,December,Q4,East,Bihar,Product C,Pharma,SP014,916000.0,840800.0,-75200.0,91.8,Missed
2024,12,December,Q4,East,Jharkhand,Product C,Pharma,SP022,773000.0,752900.0,-20100.0,97.4,Missed
2024,12,December,Q4,East,West Bengal,Product D,Pharma,SP024,850000.0,673600.0,-176400.0,79.2,Missed
2024,12,December,Q4,East,Odisha,Product D,Pharma,SP029,939000.0,621800.0,-317200.0,66.2,Missed
2024,12,December,Q4,East,Bihar,Product D,Pharma,SP015,682000.0,666300.0,-15700.0,97.7,Missed
2024,12,December,Q4,East,Jharkhand,Product D,Pharma,SP012,504000.0,560600.0,56600.0,111.2,Achieved
2024,12,December,Q4,East,West Bengal,Product E,Industrial,SP014,367000.0,258400.0,-108600.0,70.4,Missed
2024,12,December,Q4,East,Odisha,Product E,Industrial,SP021,938000.0,761100.0,-176900.0,81.1,Missed
2024,12,December,Q4,East,Bihar,Product E,Industrial,SP015,334000.0,281000.0,-53000.0,84.1,Missed
2024,12,December,Q4,East,Jharkhand,Product E,Industrial,SP003,748000.0,476500.0,-271500.0,63.7,Missed
2024,12,December,Q4,West,Maharashtra,Product A,FMCG,SP002,269000.0,241400.0,-27600.0,89.8,Missed
2024,12,December,Q4,West,Gujarat,Product A,FMCG,SP026,608000.0,703700.0,95700.0,115.7,Achieved
2024,12,December,Q4,West,Rajasthan,Product A,FMCG,SP015,359000.0,332000.0,-27000.0,92.5,Missed
2024,12,December,Q4,West,Goa,Product A,FMCG,SP010,836000.0,614900.0,-221100.0,73.6,Missed
2024,12,December,Q4,West,Maharashtra,Product B,FMCG,SP023,717000.0,711700.0,-5300.0,99.3,Missed
2024,12,December,Q4,West,Gujarat,Product B,FMCG,SP012,816000.0,781800.0,-34200.0,95.8,Missed
2024,12,December,Q4,West,Rajasthan,Product B,FMCG,SP002,299000.0,284400.0,-14600.0,95.1,Missed
2024,12,December,Q4,West,Goa,Product B,FMCG,SP008,831000.0,756100.0,-74900.0,91.0,Missed
2024,12,December,Q4,West,Maharashtra,Product C,Pharma,SP008,429000.0,343600.0,-85400.0,80.1,Missed
2024,12,December,Q4,West,Gujarat,Product C,Pharma,SP002,718000.0,557900.0,-160100.0,77.7,Missed
2024,12,December,Q4,West,Rajasthan,Product C,Pharma,SP017,910000.0,1003600.0,93600.0,110.3,Achieved
2024,12,December,Q4,West,Goa,Product C,Pharma,SP027,546000.0,561900.0,15900.0,102.9,Achieved
2024,12,December,Q4,West,Maharashtra,Product D,Pharma,SP015,542000.0,426500.0,-115500.0,78.7,Missed
2024,12,December,Q4,West,Gujarat,Product D,Pharma,SP015,856000.0,748700.0,-107300.0,87.5,Missed
2024,12,December,Q4,West,Rajasthan,Product D,Pharma,SP007,501000.0,250700.0,-250300.0,50.0,Missed
2024,12,December,Q4,West,Goa,Product D,Pharma,SP027,722000.0,655800.0,-66200.0,90.8,Missed
2024,12,December,Q4,West,Maharashtra,Product E,Industrial,SP014,868000.0,872400.0,4400.0,100.5,Achieved
2024,12,December,Q4,West,Gujarat,Product E,Industrial,SP009,529000.0,463300.0,-65700.0,87.6,Missed
2024,12,December,Q4,West,Rajasthan,Product E,Industrial,SP016,939000.0,1064800.0,125800.0,113.4,Achieved
2024,12,December,Q4,West,Goa,Product E,Industrial,SP026,424000.0,274700.0,-149300.0,64.8,Missed
2024,12,December,Q4,Central,MP,Product A,FMCG,SP018,767000.0,711200.0,-55800.0,92.7,Missed
2024,12,December,Q4,Central,Chhattisgarh,Product A,FMCG,SP013,431000.0,284000.0,-147000.0,65.9,Missed
2024,12,December,Q4,Central,Uttarakhand,Product A,FMCG,SP017,655000.0,674200.0,19200.0,102.9,Achieved
2024,12,December,Q4,Central,MP,Product B,FMCG,SP026,950000.0,721700.0,-228300.0,76.0,Missed
2024,12,December,Q4,Central,Chhattisgarh,Product B,FMCG,SP004,375000.0,371800.0,-3200.0,99.1,Missed
2024,12,December,Q4,Central,Uttarakhand,Product B,FMCG,SP022,632000.0,492100.0,-139900.0,77.9,Missed
2024,12,December,Q4,Central,MP,Product C,Pharma,SP014,532000.0,360900.0,-171100.0,67.8,Missed
2024,12,December,Q4,Central,Chhattisgarh,Product C,Pharma,SP002,458000.0,459400.0,1400.0,100.3,Achieved
2024,12,December,Q4,Central,Uttarakhand,Product C,Pharma,SP028,415000.0,371900.0,-43100.0,89.6,Missed
2024,12,December,Q4,Central,MP,Product D,Pharma,SP026,789000.0,693500.0,-95500.0,87.9,Missed
2024,12,December,Q4,Central,Chhattisgarh,Product D,Pharma,SP010,849000.0,916700.0,67700.0,108.0,Achieved
2024,12,December,Q4,Central,Uttarakhand,Product D,Pharma,SP016,433000.0,392100.0,-40900.0,90.6,Missed
2024,12,December,Q4,Central,MP,Product E,Industrial,SP028,831000.0,839400.0,8400.0,101.0,Achieved
2024,12,December,Q4,Central,Chhattisgarh,Product E,Industrial,SP018,584000.0,327900.0,-256100.0,56.1,Missed
2024,12,December,Q4,Central,Uttarakhand,Product E,Industrial,SP023,265000.0,260900.0,-4100.0,98.4,Missed
